CustomerId,Surname,CreditScore,Geography,Gender,Age,Balance,NumOfProducts,HasCrCard,IsActiveMember,EstimatedSalary,baseDate,accountOpeningDate
15758836,Godfrey,675,Spain,Male,36,54098.18,2,0,1,54478.52,2/1/2026,11/23/2022
15610446,Chinedum,714,France,Female,51,88308.87,3,0,0,5862.53,2/1/2026,7/2/2021
15695632,Dellucci,556,France,Female,39,89588.35,1,1,1,94898.1,2/1/2026,8/6/2016
15719309,Stephens,670,France,Female,42,115961.58,2,0,1,29483.87,2/1/2026,10/12/2024
15599268,Yobachi,584,Spain,Male,32,0,2,1,0,10956.82,2/1/2026,3/20/2020
15805112,Pokrovsky,578,France,Male,38,82259.29,1,1,0,8996.97,2/1/2026,5/3/2018
15769312,Forbes,557,Spain,Male,48,0,2,1,1,185094.48,2/1/2026,8/29/2015
15706021,Buley,665,France,Female,34,96645.54,2,0,0,171413.66,2/1/2026,8/11/2024
15570417,Chien,579,France,Male,35,0,2,1,0,4460.2,2/1/2026,10/19/2024
15743532,Ball,704,Germany,Male,27,147004.34,1,1,0,64381.33,2/1/2026,10/21/2020
15701555,Nicholls,575,Spain,Male,53,84903.33,2,0,1,26015.8,2/1/2026,2/7/2024
15738191,Maclean,577,France,Male,25,0,2,0,1,124508.29,2/1/2026,6/11/2022
15756026,Hooper,790,Spain,Female,46,0,1,0,0,14679.81,2/1/2026,7/10/2016
15777211,Herrera,515,France,Male,65,92113.61,1,1,1,142548.33,2/1/2026,11/3/2018
15731327,Hale,652,Germany,Male,27,166527.88,2,0,1,146007.7,2/1/2026,7/28/2023
15750649,Uwakwe,744,France,Female,44,0,2,1,1,189016.14,2/1/2026,10/28/2022
15743192,Hung,623,France,Female,44,0,2,0,0,167162.43,2/1/2026,9/19/2019
15693864,Iheanacho,567,Germany,Female,49,134956.02,1,1,0,93953.84,2/1/2026,1/9/2021
15813844,Barnes,703,France,Male,37,105961.68,2,0,1,74158.8,2/1/2026,2/28/2017
15752300,Sagese,607,Germany,Male,47,148826.32,1,1,1,79450.61,2/1/2026,9/10/2021
15607347,Olisaemeka,734,France,Male,22,130056.23,1,0,0,121894.31,2/1/2026,11/4/2020
15575024,Uwaezuoke,503,France,Male,29,0,2,1,1,143954.99,2/1/2026,3/29/2022
15623277,Ross,696,France,Female,30,0,2,1,1,196134.44,2/1/2026,1/24/2018
15640268,Avdeeva,652,Spain,Male,71,0,1,1,1,120107.1,2/1/2026,10/25/2021
15581539,Atkinson,474,Spain,Male,37,0,2,0,0,57175.32,2/1/2026,9/10/2022
15763218,Akeroyd,661,France,Female,41,0,2,0,1,131300.68,2/1/2026,4/16/2024
15594084,Anderson,524,France,Male,22,0,2,1,0,74405.34,2/1/2026,3/15/2016
15786993,Lung,810,France,Female,51,0,2,0,1,184524.74,2/1/2026,2/12/2020
15633897,Owen,725,Germany,Male,39,50880.98,2,1,1,184023.54,2/1/2026,2/19/2024
15588350,McIntyre,744,France,Female,43,147832.15,1,0,1,24234.11,2/1/2026,5/31/2015
15697441,Hsueh,485,,Male,29,182123.79,1,1,0,116828.51,2/1/2026,3/23/2018
15618936,MacDonald,688,France,Female,51,0,1,1,0,91624.11,2/1/2026,6/25/2020
15804072,Chen,701,Spain,Female,42,0,2,0,0,24210.56,2/1/2026,1/5/2021
15613282,Vorobyova,757,France,Male,29,130306.49,1,1,0,77469.38,2/1/2026,4/5/2017
15750808,Ma,790,Spain,Male,46,131365.37,2,1,1,180290.68,2/1/2026,11/11/2023
15572265,Wu,646,Germany,Male,46,170826.55,2,1,0,45041.32,2/1/2026,1/25/2025
15686255,Mouzon,738,Germany,Male,35,101744.84,1,0,0,85185.44,2/1/2026,5/13/2019
15758685,Dubinina,706,Spain,Female,37,0,2,1,1,110899.3,2/1/2026,5/26/2018
15770174,Piazza,762,France,Male,29,141389.06,1,1,0,54122.89,2/1/2026,4/13/2019
15810418,T'ang,756,Germany,Female,60,115924.89,1,1,0,93524.19,2/1/2026,4/6/2022
15633922,Gray,755,France,Male,30,123217.66,2,0,1,144183.1,2/1/2026,3/26/2021
15604044,Mitchell,700,France,Male,38,134811.3,1,1,0,1299.75,2/1/2026,12/20/2017
15583748,McGuigan,592,Spain,Male,38,0,2,1,0,180426.2,2/1/2026,8/6/2017
15690134,Hughes,464,Germany,Female,42,85679.25,1,1,1,164104.74,2/1/2026,5/31/2022
15790299,Williamson,592,Spain,Male,37,0,3,1,1,10656.89,2/1/2026,11/7/2016
15725024,Pope,805,Germany,Female,33,105663.56,2,0,1,33330.89,2/1/2026,9/20/2022
15697307,Nnachetam,588,Spain,Male,34,0,2,1,0,79078.91,2/1/2026,7/5/2015
15779497,Ts'ai,603,France,Male,43,127823.93,1,1,1,19483.35,2/1/2026,10/14/2020
15712543,Chinweike,789,,Male,39,124828.46,2,1,1,124411.08,2/1/2026,2/18/2018
15738751,Beit,493,France,Female,46,0,2,1,0,1907.66,2/1/2026,5/9/2021
15685150,Evans,799,Germany,Male,28,167658.33,2,1,1,111138.25,2/1/2026,6/7/2018
15628936,Archer,692,Spain,Male,28,118945.09,1,0,0,16064.25,2/1/2026,12/7/2016
15795228,Stewart,756,France,Male,37,132623.6,1,1,1,58974,2/1/2026,8/24/2022
15779711,Gray,750,Spain,Female,38,97257.41,2,0,1,179883.04,2/1/2026,3/1/2018
15635435,White,648,France,Female,54,120633.42,1,0,0,5924.38,2/1/2026,12/26/2016
15584364,Trentini,652,France,Male,48,59486.31,1,1,0,163944.18,2/1/2026,5/18/2021
15634375,Duncan,710,Spain,Female,36,0,2,0,0,83206.19,2/1/2026,2/28/2017
15766908,Trevisani,488,Germany,Male,32,114540.38,1,1,0,92568.07,2/1/2026,3/5/2022
15811773,Hsia,543,France,Male,36,0,2,1,1,141210.5,2/1/2026,1/23/2022
15659428,Maggard,520,Spain,Female,42,0,2,1,1,34410.55,2/1/2026,2/3/2020
15727829,McIntyre,567,France,Male,42,0,2,1,1,167984.61,2/1/2026,7/14/2023
15584363,Longstaff,824,France,Male,30,133634.02,1,1,1,162053.92,2/1/2026,6/4/2025
15765812,Trevisani,587,Spain,Male,48,0,2,1,1,8908,2/1/2026,3/29/2024
15625426,Ashbolt,754,Germany,Female,55,161608.81,1,1,0,8080.85,2/1/2026,10/1/2022
15568106,L?,592,France,Female,38,119278.01,2,0,1,19370.73,2/1/2026,8/16/2017
15682268,Steere,676,Germany,Female,26,108348.66,1,0,0,60231.74,2/1/2026,10/21/2024
15652955,Price,678,Spain,Male,30,0,1,1,0,35113.08,2/1/2026,10/20/2025
15650258,Sinclair,479,France,Female,35,113090.4,1,1,0,195649.79,2/1/2026,10/3/2023
15775662,McKay,760,France,Male,43,121911.59,1,1,0,193312.33,2/1/2026,3/8/2017
15600710,Atkinson,620,France,Male,22,0,1,1,0,32589.45,2/1/2026,8/27/2025
15662434,Zhdanova,607,France,Male,25,0,2,0,0,187048.72,2/1/2026,10/7/2022
15663441,Golibe,700,Germany,Female,40,148571.07,1,1,0,189826.96,2/1/2026,12/25/2021
15580684,Feng,706,France,Female,29,112564.62,1,1,0,42334.38,2/1/2026,9/24/2020
15765694,Bage,584,Spain,Female,59,0,1,0,1,130260.11,2/1/2026,5/6/2024
15808621,Mordvinova,659,Germany,Male,36,76190.48,2,1,1,149066.14,2/1/2026,9/5/2023
15686611,Moss,495,France,Male,30,129755.99,1,0,0,172749.65,2/1/2026,10/30/2015
15677173,Law,555,France,Male,37,124969.13,1,1,0,60194.05,2/1/2026,3/19/2016
15631813,Beneventi,621,France,Male,39,0,2,1,1,58883.91,2/1/2026,12/9/2019
15643966,Goforth,616,Germany,Male,45,143129.41,2,0,1,64327.26,2/1/2026,7/6/2022
15615012,Fan,594,France,Male,23,156267.59,1,1,0,160968.44,2/1/2026,7/12/2020
15595728,Thomas,523,Germany,Male,41,119276.31,1,0,0,122284.38,2/1/2026,3/23/2025
15731522,Ts'ui,771,Spain,Female,67,0,2,1,1,51219.8,2/1/2026,7/5/2017
15699598,Smith,723,France,Female,20,0,2,1,1,140385.33,2/1/2026,6/1/2021
15663885,Blinova,741,France,Male,32,0,1,1,1,64839.23,2/1/2026,10/15/2020
15565779,Kent,627,Germany,Female,30,57809.32,1,1,0,188258.49,2/1/2026,4/24/2019
15684267,Davila,607,Germany,Male,39,84468.67,2,1,1,121945.42,2/1/2026,10/7/2023
15619529,Ndukaku,531,Spain,Male,27,132576.25,1,0,0,7222.92,2/1/2026,5/4/2017
15573318,Kung,610,France,Male,26,0,2,1,0,166031.08,2/1/2026,8/27/2017
15775891,Myers,634,Germany,Male,48,107247.69,1,1,1,103712.05,2/1/2026,6/6/2023
15641136,Davison,629,France,Male,32,0,2,0,1,77965.44,2/1/2026,9/15/2023
15805260,Wood,705,Germany,Female,56,143249.67,1,1,0,88428.41,2/1/2026,3/19/2023
15726032,Enyinnaya,608,France,Male,33,89968.69,1,1,0,68777.26,2/1/2026,1/13/2017
15707120,Cocci,850,France,Male,46,117640.39,1,1,0,88920.68,2/1/2026,2/7/2016
15651554,Anenechukwu,618,Germany,Female,54,118449.21,1,1,1,133573.29,2/1/2026,4/8/2021
15770525,T'an,760,Spain,Male,28,141038.57,2,0,0,16287.38,2/1/2026,10/18/2024
15798666,Hughes,814,France,Female,36,0,2,1,1,98657.01,2/1/2026,6/15/2019
15764170,Pinto,647,Germany,Male,44,93960.35,1,1,0,36579.53,2/1/2026,9/2/2021
15650098,Baranova,630,France,Female,40,0,2,1,1,34453.17,2/1/2026,2/15/2018
15749167,Fisk,753,France,Male,35,0,2,1,1,184843.77,2/1/2026,5/20/2022
15631159,H?,705,Germany,Male,41,72252.64,2,1,1,142514.66,2/1/2026,8/28/2021
15769829,Cheng,534,,Male,51,0,2,0,1,20856.31,2/1/2026,3/1/2022
15712287,Pokrovskii,652,France,Female,80,0,2,1,1,188603.07,2/1/2026,7/26/2021
15802501,Onyeorulu,724,Germany,Male,33,103564.83,2,1,0,121085.72,2/1/2026,5/22/2020
15641480,Sinnett,571,France,Male,32,131354.25,1,1,0,125256.53,2/1/2026,3/10/2020
15734311,Hamilton,661,France,Female,27,0,2,1,1,76889.79,2/1/2026,10/29/2022
15720187,Han,479,Germany,Female,30,143964.36,2,1,0,41879.99,2/1/2026,3/14/2018
15757916,Amaechi,600,France,Female,38,0,2,1,1,58855.85,2/1/2026,6/15/2016
15794122,Otutodilinna,713,France,Female,59,0,2,1,1,62700.08,2/1/2026,2/8/2022
15668347,Ingram,624,France,Male,36,0,2,0,0,84635.64,2/1/2026,5/12/2019
15746410,Thompson,432,Spain,Male,38,0,2,1,0,150580.88,2/1/2026,12/29/2018
15752838,Lucas,723,Spain,Male,38,0,2,1,1,94415.6,2/1/2026,2/22/2019
15726676,Marshall,616,Spain,Male,30,0,2,0,1,196108.51,2/1/2026,7/3/2020
15713578,Farrell,483,France,Female,50,0,2,1,1,111020.24,2/1/2026,6/30/2016
15649124,Fang,850,France,Male,30,121535.18,1,0,0,40313.47,2/1/2026,6/30/2016
15567399,Enderby,633,Germany,Male,43,144164.29,1,1,1,158646.46,2/1/2026,12/28/2022
15591766,Crawford,607,Spain,Female,25,121166.89,1,0,1,115288.24,2/1/2026,10/7/2021
15813034,Martin,727,Spain,Male,38,62276.99,1,1,1,59280.79,2/1/2026,1/18/2024
15750243,Genovese,830,Spain,Male,40,0,2,0,1,81622.52,2/1/2026,5/26/2021
15666823,Nebechi,425,France,Male,39,0,2,1,0,197226.32,2/1/2026,8/26/2021
15710450,Okwudiliolisa,848,Spain,Male,22,120811.89,1,1,1,185510.34,2/1/2026,4/16/2018
15578809,Hao,651,Germany,Male,40,134760.21,2,0,0,174434.06,2/1/2026,4/13/2024
15589257,Grant,670,France,Female,35,103465.02,2,1,1,174627.06,2/1/2026,7/18/2022
15814004,Fyodorova,589,France,Male,29,0,2,0,1,98320.27,2/1/2026,5/21/2023
15758171,Tien,582,France,Male,20,0,1,1,1,55763.66,2/1/2026,8/31/2021
15713144,Ingrassia,588,Spain,Male,46,0,1,1,0,61931.21,2/1/2026,12/26/2017
15653762,Chidiebele,501,France,Female,39,117301.66,1,0,0,182025.95,2/1/2026,6/5/2016
15635459,Shih,667,Germany,Female,27,106116.5,2,1,0,,2/1/2026,8/7/2022
15719856,Lamb,646,France,Female,45,47134.75,1,1,1,57236.44,2/1/2026,5/7/2022
15649418,Krylov,776,France,Female,29,178171.04,2,1,1,115818.51,2/1/2026,8/5/2018
15801466,Gray,574,France,Female,39,122524.61,2,1,0,88463.63,2/1/2026,6/24/2023
15715297,Yuan,779,Germany,Female,40,75470.23,1,1,1,52894.01,2/1/2026,5/11/2023
15673693,Reppert,682,,Female,26,110654.02,1,0,1,111879.21,2/1/2026,11/13/2025
15805254,Ndukaku,652,Spain,Female,75,0,2,1,1,114675.75,2/1/2026,7/1/2015
15732660,Black,769,France,Female,27,0,1,1,1,57876.05,2/1/2026,6/26/2023
15722765,Owen,580,Spain,Female,57,136820.99,1,0,1,108528.74,2/1/2026,4/18/2025
15658532,Nnamutaezinwa,520,Spain,Female,63,162278.32,1,1,1,34765.33,2/1/2026,3/9/2020
15605037,Ting,818,France,Female,49,0,1,0,1,192298.84,2/1/2026,2/16/2023
15664639,McGregor,645,France,Male,19,128514.84,1,0,0,175969.19,2/1/2026,2/1/2017
15772632,Ts'ui,680,France,Female,34,0,2,1,0,167035.07,2/1/2026,6/2/2024
15754849,Tyler,776,Germany,Female,32,109421.13,2,1,1,126517.46,2/1/2026,2/23/2021
15748947,Chukwuraenye,657,France,Female,41,95858.37,1,1,1,68255.88,2/1/2026,5/14/2020
15711309,Sumrall,574,Germany,Male,33,129834.67,1,1,0,193131.42,2/1/2026,9/3/2022
15716449,Fraser,527,Spain,Male,33,132168.28,1,0,0,98734.15,2/1/2026,9/5/2016
15804516,Builder,589,France,Male,38,0,1,1,0,79915.28,2/1/2026,9/21/2023
15571305,Stephenson,588,Germany,Female,35,103060.63,1,1,0,,2/1/2026,3/28/2024
15667554,Cameron,605,France,Male,35,0,2,1,1,45206.57,2/1/2026,6/28/2019
15664521,David,659,Spain,Male,31,149620.88,2,1,1,104533.51,2/1/2026,5/10/2018
15732270,Hung,727,Spain,Male,71,0,1,1,1,198446.91,2/1/2026,8/30/2017
15769974,Shih,679,Spain,Female,35,119182.73,1,0,0,121210.09,2/1/2026,8/4/2017
15769005,Hayward,709,France,Male,49,154344.49,2,1,1,38794.57,2/1/2026,3/3/2021
15641043,Scott,648,Spain,Male,35,0,2,1,1,78436.36,2/1/2026,3/10/2018
15748797,Dale,636,Spain,Female,33,0,1,1,0,92277.47,2/1/2026,9/8/2025
15621687,Mackay,813,France,Male,34,0,2,1,0,43169.15,2/1/2026,11/24/2025
15690925,McIntosh,527,Spain,Female,29,27755.97,1,1,0,97468.44,2/1/2026,5/15/2023
15814032,Hsieh,807,Germany,Female,31,93460.47,2,0,0,,2/1/2026,8/14/2024
15720893,Gilbert,637,Spain,Female,34,0,2,0,0,26057.08,2/1/2026,11/18/2016
15778934,Napolitani,678,Spain,Female,49,0,2,0,1,98090.69,2/1/2026,10/2/2017
15569451,Miller,463,France,Male,35,101257.16,1,1,1,118113.64,2/1/2026,7/3/2023
15748116,Zetticci,681,France,Female,29,148143.84,1,1,1,52021.39,2/1/2026,4/9/2023
15594594,Loggia,546,Spain,Male,42,139070.51,1,1,1,86945,2/1/2026,5/16/2018
15696231,Chiwetelu,635,France,Male,29,105405.97,1,1,1,149853.89,2/1/2026,12/14/2018
15665077,Vogel,598,France,Female,43,0,3,1,1,100722.72,2/1/2026,1/14/2021
15770101,Millar,766,Germany,Male,43,112088.04,2,1,1,36706.56,2/1/2026,7/30/2019
15654673,Onyinyechukwuka,625,France,Male,49,173434.9,1,1,0,165580.93,2/1/2026,6/10/2019
15659105,Borchgrevink,669,France,Female,47,61196.54,1,1,0,58170.24,2/1/2026,1/24/2017
15747542,Perez,605,France,Male,52,0,2,1,1,173952.5,2/1/2026,8/6/2018
15716284,Ward,543,France,Male,43,0,2,1,1,78858.07,2/1/2026,10/17/2016
15626787,Wei,698,Spain,Female,31,185078.26,1,0,0,115337.74,2/1/2026,2/15/2017
15656176,Jenkins,501,France,Male,57,0,2,1,1,47847.19,2/1/2026,9/11/2015
15623471,Marcelo,607,Germany,Male,38,98205.77,1,1,0,176318.27,2/1/2026,2/27/2022
15610426,Tien,764,France,Female,39,81042.42,1,0,1,109805.17,2/1/2026,8/24/2020
15567446,Coffman,646,Germany,Male,39,111574.41,1,1,1,30838.51,2/1/2026,7/14/2016
15635939,Fenton,458,France,Female,39,0,2,1,0,116343.09,2/1/2026,2/9/2016
15629078,Matthias,850,Germany,Female,45,127258.79,1,1,1,192744.23,2/1/2026,1/2/2021
15569807,Ejimofor,673,France,Female,34,42157.08,1,1,0,20598.59,2/1/2026,5/19/2017
15726589,Matveyev,540,Germany,Male,39,82531.11,1,1,0,114092.52,2/1/2026,11/23/2024
15603846,Fang,711,Spain,Male,37,0,2,1,0,83978.86,2/1/2026,1/10/2024
15725141,Whiddon,716,France,Female,44,109528.28,1,1,0,27341.63,2/1/2026,2/18/2022
15789548,Giordano,592,France,Female,37,0,2,1,1,126726.33,2/1/2026,5/29/2018
15654851,Obialo,748,France,Male,44,92911.52,1,0,1,85495.24,2/1/2026,12/29/2023
15772933,Mai,591,Spain,Male,31,0,1,1,1,141677.33,2/1/2026,3/13/2017
15619343,Mahmood,561,France,Male,56,152759,2,1,0,133167.11,2/1/2026,12/1/2018
15725835,West,785,Germany,Female,32,124493.03,2,0,1,52583.79,2/1/2026,2/11/2022
15628298,Johnstone,500,Spain,Female,47,128486.11,1,1,0,179227.12,2/1/2026,6/25/2017
15626983,Ledford,605,Spain,Female,48,0,2,1,1,40062.99,2/1/2026,12/4/2019
15703119,Liang,652,France,Male,38,0,2,1,1,145700.22,2/1/2026,6/5/2019
15654463,Moore,841,France,Male,34,0,2,1,0,141582.66,2/1/2026,2/9/2021
15715541,Yang,850,France,Female,42,113311.11,1,1,1,198193.75,2/1/2026,3/11/2016
15633650,Woods,677,Germany,Female,41,146720.98,2,1,1,4195.84,2/1/2026,8/22/2017
15725311,Hay,726,France,Female,31,114722.05,2,1,1,98178.57,2/1/2026,7/4/2016
15761141,Palerma,604,Spain,Female,71,0,2,1,1,129984.2,2/1/2026,12/1/2015
15713479,Ozuluonye,656,France,Male,35,0,2,1,0,1485.27,2/1/2026,8/2/2019
15592736,Lucchese,551,Germany,Male,54,102994.04,1,1,0,176680.16,2/1/2026,7/3/2020
15697214,Korovin,686,Spain,Female,36,0,2,1,1,152979.14,2/1/2026,12/20/2020
15636673,Onwuatuegwu,667,France,Male,31,119266.69,1,1,1,28257.63,2/1/2026,10/26/2024
15680303,Gibson,594,France,Male,57,0,1,1,0,19376.56,2/1/2026,7/1/2019
15568595,Fleming,544,France,Male,64,113829.45,1,1,1,124341.49,2/1/2026,4/27/2016
15684951,He,542,France,Female,59,68892.77,2,1,0,7905.06,2/1/2026,1/4/2024
15713854,Cremonesi,513,France,Female,37,0,2,1,0,110142.34,2/1/2026,1/8/2020
15639882,She,528,France,Male,30,128262.72,2,1,0,50771.16,2/1/2026,9/18/2023
15687130,Nkemjika,686,France,Female,43,0,1,1,1,170072.9,2/1/2026,2/27/2025
15616451,Genovese,697,France,Female,47,128252.66,1,1,1,168053.4,2/1/2026,4/3/2019
15569209,Amaechi,464,Spain,Female,34,76001.57,1,1,1,158668.87,2/1/2026,2/16/2020
15738672,Paterson,737,Germany,Female,40,162485.8,2,1,0,149381.32,2/1/2026,1/27/2024
15567367,Tao,601,Germany,Female,42,133636.16,1,0,1,103315.74,2/1/2026,10/3/2016
15670823,Hsueh,651,Germany,Female,42,116646.76,1,1,0,44731.8,2/1/2026,10/20/2024
15574886,Palerma,706,France,Male,32,94486.47,1,1,1,146949.74,2/1/2026,6/20/2019
15582616,Y?an,520,France,Female,38,0,2,1,0,56388.63,2/1/2026,7/18/2021
15574004,Mancini,429,France,Female,27,117307.44,2,1,1,24020.49,2/1/2026,11/12/2019
15772896,Dumetochukwu,763,Germany,Male,42,100160.75,1,1,0,33462.94,2/1/2026,6/13/2019
15673055,Sung,494,Spain,Male,38,0,2,1,1,6203.66,2/1/2026,2/19/2018
15576683,Yin,568,Spain,Female,43,0,1,1,0,125870.79,2/1/2026,8/12/2016
15682528,Cremonesi,572,France,Male,33,0,1,0,1,41139.05,2/1/2026,11/6/2020
15703264,Chukwufumnanya,735,France,Male,44,120681.63,1,1,0,74836.34,2/1/2026,5/3/2016
15715941,Lueck,692,France,Male,54,0,2,1,1,88721.84,2/1/2026,5/14/2020
15623521,Sozonov,838,Spain,Male,43,123105.88,2,1,0,145765.83,2/1/2026,10/31/2016
15775880,McElyea,554,France,Female,30,0,2,1,1,40320.3,2/1/2026,11/17/2016
15771942,Tikhonov,528,Germany,Female,46,135555.66,1,1,0,133146.03,2/1/2026,9/12/2016
15734491,Lombardo,676,Spain,Female,36,0,2,1,1,3173.31,2/1/2026,11/12/2021
15639322,Grave,633,Spain,Male,33,137847.41,2,1,0,98349.13,2/1/2026,8/21/2021
15717898,Bruce,542,Spain,Male,32,131945.94,1,0,1,159737.56,2/1/2026,8/9/2023
15667458,L?,764,Germany,Male,28,124023.18,1,1,0,166188.28,2/1/2026,7/2/2015
15704770,Pan,773,France,Male,25,124532.78,2,0,1,11723.57,2/1/2026,3/29/2024
15641675,Kirillova,611,France,Female,49,88915.37,3,0,0,161435.02,2/1/2026,5/2/2023
15751788,Johnson,850,Spain,Male,28,97408.03,1,1,1,175853.64,2/1/2026,6/28/2016
15755262,McDonald,608,Spain,Female,41,89763.84,1,0,0,199304.74,2/1/2026,3/10/2022
15623196,Morley,686,France,Male,38,149238.97,1,1,1,97825.23,2/1/2026,12/19/2019
15571816,Ritchie,850,Spain,Female,70,0,1,1,1,705.18,2/1/2026,3/13/2020
15773809,Campbell,620,France,Male,42,0,2,1,0,6232.31,2/1/2026,6/28/2021
15800845,Artemieva,732,Spain,Female,33,111379.55,1,1,1,45098.62,2/1/2026,7/29/2017
15684181,Hackett,643,France,Male,45,0,1,1,0,142513.5,2/1/2026,8/2/2020
15712825,Howells,511,Spain,Female,29,0,2,0,1,140676.98,2/1/2026,7/15/2016
15700353,Evans,662,France,Female,37,0,2,1,0,51229.17,2/1/2026,8/20/2019
15718247,Hayden,606,Spain,Female,46,0,2,1,1,183717.94,2/1/2026,6/28/2017
15622834,Stevenson,678,France,Female,35,0,1,1,0,125518.32,2/1/2026,8/3/2021
15810786,O'Toole,620,France,Female,67,0,2,1,1,,2/1/2026,4/20/2022
15598086,Brown,624,France,Female,45,68639.57,1,1,0,168002.31,2/1/2026,5/23/2022
15811490,French,627,France,Male,33,0,2,1,1,103737.82,2/1/2026,10/30/2020
15601008,Stevenson,802,France,Male,33,0,2,1,0,143706.18,2/1/2026,6/25/2017
15626114,Pearson,429,France,Male,24,95741.75,1,1,0,46170.75,2/1/2026,6/16/2021
15701301,Murphy,646,France,Female,42,175159.9,2,0,0,67124.48,2/1/2026,12/30/2022
15694409,Tsao,647,Germany,Female,22,97975.82,2,0,1,62083,2/1/2026,1/2/2023
15763747,Ricci,732,France,Male,36,0,2,1,1,60830.24,2/1/2026,6/7/2018
15691723,Chukwudi,631,Spain,Male,55,99685.06,1,1,0,,2/1/2026,9/18/2016
15631054,Volkova,625,France,Female,24,0,2,1,1,180969.55,2/1/2026,8/17/2024
15734886,Mazzi,686,France,Female,34,123971.51,2,1,0,147794.63,2/1/2026,4/14/2022
15650288,Summers,634,Germany,Male,35,116269.01,1,1,0,129964.94,2/1/2026,11/26/2019
15764237,Manfrin,663,Spain,Male,33,0,2,0,0,91514.62,2/1/2026,8/14/2016
15700854,Cunningham,595,Spain,Male,35,0,1,1,0,100015.79,2/1/2026,9/25/2017
15612627,Ozuluonye,627,Germany,Male,29,139541.58,2,1,0,80607.33,2/1/2026,6/23/2020
15575883,Manna,559,France,Male,34,137390.11,2,1,0,9677,2/1/2026,11/29/2023
15585888,Nwokezuike,553,Spain,Female,48,0,1,0,1,30730.95,2/1/2026,7/24/2022
15719958,Degtyarev,850,Germany,Male,39,124548.99,2,1,1,120380.12,2/1/2026,3/2/2022
15576368,Bledsoe,624,Germany,Female,48,122388.38,2,0,0,30020.09,2/1/2026,5/25/2022
15605263,Chin,552,France,Male,33,140931.57,1,0,1,10921.5,2/1/2026,7/31/2020
15761043,Macleod,632,Germany,Female,38,86569.76,2,1,0,98090.91,2/1/2026,4/8/2019
15735719,Babbage,790,France,Female,40,0,2,1,1,70607.1,2/1/2026,8/13/2016
15711540,Pacheco,712,,Female,29,0,1,1,1,144375,2/1/2026,7/28/2023
15708505,Palerma,641,Germany,Female,37,62974.64,2,0,1,39016.43,2/1/2026,1/22/2019
15723873,Ponomarev,657,Spain,Male,31,125167.02,1,0,0,98820.39,2/1/2026,10/6/2022
15591047,Ma,519,Spain,Female,47,157296.02,2,0,0,147278.43,2/1/2026,3/8/2019
15617603,Mackay,850,Germany,Male,30,123210.56,2,1,1,102180.27,2/1/2026,4/9/2020
15814275,Zikoranachidimma,685,France,Male,33,174912.72,1,1,1,,2/1/2026,12/5/2019
15762418,Gant,750,Spain,Male,22,121681.82,1,1,0,128643.35,2/1/2026,1/5/2023
15785485,Zhou,595,Germany,Female,41,138878.81,1,0,1,112269.67,2/1/2026,10/8/2023
15633612,Yuryeva,696,France,Male,28,172646.82,1,1,1,116471.43,2/1/2026,4/19/2021
15737605,Morris,531,Spain,Female,45,126495.57,2,1,1,164741.5,2/1/2026,7/13/2024
15677921,Bobrov,720,Germany,Male,60,115920.62,2,0,0,157552.08,2/1/2026,10/21/2016
15804919,Dunbabin,670,Spain,Female,65,0,1,1,1,177655.68,2/1/2026,3/4/2024
15592979,Rose,671,,Female,34,37266.67,2,0,0,156917.12,2/1/2026,3/21/2019
15749004,Tsao,718,France,Female,31,118100.59,2,1,0,103165.15,2/1/2026,9/19/2025
15715465,Aksenova,714,Germany,Male,28,77776.39,1,1,0,177737.07,2/1/2026,7/11/2018
15721658,Fleming,672,Spain,Female,56,209767.31,2,1,1,150694.42,2/1/2026,5/22/2023
15672516,Wall,541,Germany,Male,51,90373.28,2,1,0,179861.79,2/1/2026,10/16/2018
15684484,White,543,France,Male,22,0,2,0,0,127587.22,2/1/2026,4/15/2017
15792649,Patterson,547,Spain,Female,31,0,2,0,0,99294.22,2/1/2026,4/2/2016
15754796,Byrne,487,Germany,Female,46,135070.58,2,1,1,44244.49,2/1/2026,6/15/2021
15612525,Preston,499,France,Female,57,0,1,0,0,131372.38,2/1/2026,5/4/2024
15720662,Sholes,787,France,Female,35,106266.8,1,1,1,16607.15,2/1/2026,6/18/2024
15768387,Nott,581,France,Male,41,0,2,0,0,29737.14,2/1/2026,9/18/2017
15811236,Burns,705,Spain,Male,39,133261.13,1,1,1,78065.9,2/1/2026,5/20/2019
15763274,Wu,661,France,Male,48,120320.54,1,0,0,96463.25,2/1/2026,5/26/2022
15792360,Clark,668,France,Male,32,0,2,1,1,777.37,2/1/2026,2/28/2018
15668818,Chidubem,592,Spain,Female,40,200322.45,1,1,1,113244.73,2/1/2026,4/10/2023
15724944,Tien,663,France,Male,34,0,2,1,1,180427.24,2/1/2026,5/1/2018
15744105,Kodilinyechukwu,768,France,Female,28,109118.05,2,0,1,50911.41,2/1/2026,8/31/2022
15641183,Chin,731,Spain,Male,25,96950.21,1,1,0,97877.92,2/1/2026,1/4/2018
15641994,Meng,667,Germany,Male,43,103018.45,1,1,0,32462.39,2/1/2026,6/8/2024
15705860,McKenzie,631,Germany,Male,40,107949.45,1,1,0,,2/1/2026,12/29/2022
15566211,Hsu,616,Germany,Female,41,103560.57,1,1,0,236.45,2/1/2026,11/26/2024
15748856,Liang,664,France,Male,32,107209.73,1,1,1,112340.2,2/1/2026,8/19/2015
15798888,Pisano,605,Germany,Female,31,117992.59,1,1,1,183598.77,2/1/2026,6/7/2024
15595135,Solomon,778,Germany,Female,29,123229.46,1,1,0,181221.09,2/1/2026,4/29/2018
15620204,Walker,543,Germany,Female,57,106138.33,2,1,1,120657.32,2/1/2026,12/25/2024
15765902,Gibson,706,Germany,Male,38,163034.82,2,1,1,135662.17,2/1/2026,1/12/2021
15698349,Davy,686,Spain,Female,35,0,2,1,1,159676.55,2/1/2026,12/23/2021
15679299,Shen,726,Spain,Female,27,123826.07,1,0,1,78970.58,2/1/2026,5/9/2018
15721585,Blacklock,628,Germany,Male,29,113146.98,2,0,1,124749.08,2/1/2026,2/10/2022
15704586,Osonduagwuike,758,France,Female,42,0,2,0,1,76209.56,2/1/2026,5/13/2018
15782688,Piccio,625,Germany,Male,56,148507.24,1,1,0,46824.08,2/1/2026,9/22/2025
15717046,Wentworth-Shields,741,Spain,Male,53,0,2,1,1,38913.68,2/1/2026,9/7/2022
15697000,Mello,728,Germany,Male,32,61825.5,1,1,1,156124.93,2/1/2026,2/26/2020
15774098,Grant,701,Germany,Male,38,125385.49,2,0,1,52044.66,2/1/2026,7/8/2022
15764351,Yuryeva,668,Germany,Female,59,120170.07,1,0,1,50454.8,2/1/2026,2/22/2020
15654238,Jen,673,France,Female,40,137494.28,1,1,0,81753.92,2/1/2026,1/14/2021
15676966,Capon,730,Spain,Male,42,0,2,0,1,85982.47,2/1/2026,10/4/2021
15776605,Bradley,528,,Male,36,0,2,1,0,60536.56,2/1/2026,12/17/2018
15739803,Lucciano,686,Spain,Male,34,0,2,1,0,127569.8,2/1/2026,3/7/2016
15776433,Greco,730,Spain,Male,62,0,2,1,1,186489.95,2/1/2026,7/15/2023
15571778,Trentini,817,France,Female,55,117561.49,1,1,0,95941.55,2/1/2026,8/7/2015
15794278,Romani,816,Spain,Male,67,151858.98,1,1,1,72814.31,2/1/2026,11/8/2019
15812628,Dodd,453,Germany,Female,38,120623.21,1,1,0,129697.99,2/1/2026,6/2/2017
15626578,Milne,622,France,Male,26,0,2,1,1,153237.59,2/1/2026,2/14/2016
15633531,Lavrov,717,France,Female,76,138489.66,1,1,1,68400.14,2/1/2026,8/9/2016
15594862,Aleksandrova,552,France,Male,36,0,2,0,0,132547.02,2/1/2026,3/21/2017
15605918,Padovesi,635,Germany,Male,43,78992.75,2,0,0,153265.31,2/1/2026,3/20/2020
15622993,Boyd,709,Germany,Male,28,124695.72,2,1,0,145251.35,2/1/2026,10/12/2017
15656912,Aitken,649,Spain,Male,51,0,1,1,1,150390.57,2/1/2026,4/10/2021
15726354,Smith,688,France,Female,32,123157.95,1,1,0,172531.23,2/1/2026,5/3/2019
15585367,Diribe,555,Germany,Female,46,120392.99,1,1,0,177719.88,2/1/2026,10/9/2021
15780038,Paterson,756,Spain,Male,38,119208.85,1,1,0,169763.89,2/1/2026,9/29/2019
15585047,Onyemere,715,France,Male,28,160376.61,1,0,0,196853.11,2/1/2026,3/7/2018
15772601,Lu,845,Germany,Female,41,81733.74,2,0,0,199761.29,2/1/2026,12/20/2023
15619280,Uspensky,683,France,Male,25,0,2,1,0,152698.24,2/1/2026,7/14/2021
15600781,Wu,699,Germany,Male,34,185173.81,2,1,0,120834.48,2/1/2026,8/24/2021
15613749,Lees,569,Spain,Male,34,151839.26,1,1,0,102299.81,2/1/2026,8/25/2025
15746594,Wu,732,Spain,Male,33,0,1,1,0,119882.7,2/1/2026,11/15/2017
15739189,Johnson,561,Spain,Female,33,0,2,1,0,45261.47,2/1/2026,7/9/2019
15771483,Arnold,609,France,Male,40,0,2,1,1,97416.34,2/1/2026,5/13/2019
15682600,Lo,620,Germany,Male,39,159492.79,1,1,0,80582.34,2/1/2026,10/7/2016
15591123,Iredale,557,Germany,Male,68,100194.44,1,1,1,38596.34,2/1/2026,1/31/2024
15756680,Phillips,667,France,Male,28,165798.1,1,1,0,147090.9,2/1/2026,1/10/2020
15672132,Butusov,695,France,Female,42,121453.63,1,0,0,46374.64,2/1/2026,7/11/2018
15600575,Padovano,802,Spain,Male,41,0,2,1,0,47322.05,2/1/2026,7/6/2019
15797010,Shen,649,France,Female,31,0,2,1,0,15200.61,2/1/2026,7/30/2023
15807432,Cheng,645,Germany,Female,37,136925.09,2,0,1,153400.24,2/1/2026,5/5/2023
15790659,Sheets,701,Spain,Male,59,0,2,0,1,27597.59,2/1/2026,4/30/2018
15647782,Brown,729,Germany,Male,36,152899.24,2,1,0,177130.33,2/1/2026,7/18/2017
15583364,McGregor,476,France,Female,32,111871.93,1,0,0,112132.86,2/1/2026,6/4/2019
15772423,Liao,739,Germany,Male,54,126418.14,1,1,0,134420.75,2/1/2026,9/9/2017
15805062,Lynton,667,Spain,Male,38,87202.38,1,1,1,77866.91,2/1/2026,7/14/2024
15631072,Huie,690,France,Male,38,94456,2,0,1,55034.02,2/1/2026,1/28/2025
15793726,Matveyeva,681,France,Female,79,0,2,0,1,170968.99,2/1/2026,3/29/2025
15735246,Norman,798,Spain,Female,58,0,2,0,0,119071.56,2/1/2026,7/21/2016
15701265,Tretiakov,559,Germany,Female,36,104356.94,2,0,1,54184.06,2/1/2026,1/19/2025
15596800,Hill,779,Germany,Male,33,158456.76,1,1,1,197000.92,2/1/2026,4/28/2024
15671969,Pruneda,649,Spain,Male,36,0,2,1,0,161668.15,2/1/2026,5/8/2017
15684042,Blair,636,Germany,Male,34,40105.51,2,0,1,53512.16,2/1/2026,2/10/2023
15670374,Wright,819,Germany,Female,49,120656.86,4,0,0,166164.3,2/1/2026,10/18/2024
15680970,Lombardi,611,Germany,Female,41,114206.84,1,1,0,164061.6,2/1/2026,3/9/2023
15740476,Tsao,659,Germany,Female,32,150923.74,2,0,1,174652.51,2/1/2026,10/13/2022
15631912,T'ao,840,France,Male,30,136291.71,1,1,0,54113.38,2/1/2026,8/28/2017
15627352,Bulgakov,459,Germany,Male,46,110356.42,1,1,0,4969.13,2/1/2026,4/11/2018
15812007,Power,670,Spain,Male,25,0,2,1,1,78358.94,2/1/2026,3/16/2019
15671609,Ibeabuchi,701,France,Male,44,0,2,1,0,23425.78,2/1/2026,7/14/2018
15586243,Yobachi,667,France,Male,44,122277.87,1,1,1,91810.71,2/1/2026,12/9/2017
15679249,Chou,351,Germany,Female,57,163146.46,1,1,0,169621.69,2/1/2026,3/10/2021
15659843,Li,643,France,Female,46,0,2,0,0,106781.59,2/1/2026,10/25/2019
15719809,Endrizzi,516,Germany,Male,32,145166.09,2,0,0,111421.45,2/1/2026,9/6/2022
15802351,Beers,755,Germany,Female,33,90560.3,2,1,1,42607.69,2/1/2026,5/17/2019
15715003,Ko,625,Spain,Female,49,80816.45,1,1,1,20018.79,2/1/2026,11/5/2023
15725679,Hsia,531,France,Female,47,0,1,0,0,194998.34,2/1/2026,2/7/2019
15587421,Tsai,687,Germany,Female,34,111388.18,2,1,0,,2/1/2026,7/10/2018
15679410,Caldwell,729,France,Female,62,140549.4,1,1,0,30990.16,2/1/2026,6/13/2021
15781989,Drake-Brockman,733,France,Male,42,120094.93,1,1,0,184056.45,2/1/2026,7/6/2016
15669922,Conti,530,Spain,Female,36,0,2,1,1,14721.8,2/1/2026,11/8/2023
15711398,Fetherstonhaugh,525,France,Female,25,0,2,1,0,89566.64,2/1/2026,8/27/2019
15629323,Kelechi,617,Germany,Female,37,116471.43,2,1,0,175324.74,2/1/2026,10/26/2021
15592116,Jensen,585,France,Female,39,0,2,1,0,2401.26,2/1/2026,5/5/2018
15655794,Hanna,620,France,Male,36,0,2,1,1,145937.99,2/1/2026,5/6/2017
15812338,Sopuluchukwu,485,Spain,Female,30,0,1,1,0,107067.37,2/1/2026,11/21/2018
15733876,Schneider,667,France,Male,36,0,2,1,1,40062.29,2/1/2026,6/8/2016
15779947,Thomas,363,Spain,Female,28,146098.43,3,1,0,,2/1/2026,1/8/2020
15629448,Brady,632,Spain,Male,38,120599.21,1,1,0,92816.86,2/1/2026,8/16/2024
15659475,Chung,597,France,Female,33,135703.59,2,0,0,74850.84,2/1/2026,6/26/2019
15803716,West,706,Spain,Male,28,0,2,0,1,181543.67,2/1/2026,8/3/2022
15782569,Stout,687,France,Female,72,0,1,0,1,69829.4,2/1/2026,3/12/2016
15685329,McKenzie,531,France,Female,63,114715.71,1,0,1,24506.95,2/1/2026,7/9/2024
15576313,Wei,486,Germany,Female,40,71340.09,1,1,0,76192.21,2/1/2026,11/13/2016
15813168,Maslova,756,Germany,Female,39,100717.85,3,1,1,73406.04,2/1/2026,5/11/2022
15585835,Lord,655,Spain,Female,34,109783.69,2,1,0,134034.32,2/1/2026,11/4/2021
15797733,Udobata,503,Germany,Male,30,136622.55,2,0,0,47310.24,2/1/2026,3/16/2015
15693814,Niu,806,Spain,Male,25,0,2,1,0,18461.9,2/1/2026,7/2/2018
15727281,Macintyre,653,France,Female,27,0,2,1,0,96429.29,2/1/2026,6/4/2016
15596060,Skinner,498,Spain,Male,29,127864.26,1,1,1,46677.9,2/1/2026,1/19/2018
15706186,McKenzie,640,Germany,Male,33,81677.22,2,0,0,,2/1/2026,12/6/2017
15627801,Ginikanwa,512,Spain,Male,33,176666.62,1,1,0,94670.77,2/1/2026,12/10/2022
15729832,Cheng,658,France,Male,29,145512.84,1,1,0,20207.02,2/1/2026,11/10/2022
15704629,Wright,582,France,Female,32,116409.55,1,0,1,152790.92,2/1/2026,3/6/2024
15679024,Udinesi,553,France,Male,32,116324.53,1,1,0,77304.49,2/1/2026,3/20/2022
15602551,Johnson,667,Spain,Male,39,0,2,1,0,68873.8,2/1/2026,12/8/2016
15600879,Parsons,554,Germany,Female,36,157780.93,2,1,0,6089.13,2/1/2026,5/19/2022
15796721,Nnamutaezinwa,778,France,Male,38,145018.49,2,1,1,126702.41,2/1/2026,6/9/2022
15719377,Cocci,804,France,Female,50,0,1,1,1,8546.87,2/1/2026,3/7/2021
15590820,Ecuyer,699,Spain,Male,26,79932.41,1,0,0,150242.44,2/1/2026,5/12/2019
15710161,Ko,850,France,Female,34,0,2,1,1,171706.66,2/1/2026,12/30/2023
15615032,Peng,624,Spain,Male,46,0,2,1,1,62825.03,2/1/2026,11/10/2022
15589805,Benson,563,France,Female,34,139810.34,1,1,1,152417.79,2/1/2026,7/23/2019
15744919,Genovese,734,Spain,Female,37,152760.24,1,1,1,48990.5,2/1/2026,8/5/2025
15712849,Tung,632,Germany,Male,41,126550.7,1,0,0,177644.52,2/1/2026,12/18/2022
15689176,Fabro,663,France,Male,46,0,2,0,1,176276.1,2/1/2026,6/1/2022
15782735,Chukwuemeka,626,France,Female,35,0,1,0,0,80190.36,2/1/2026,3/12/2022
15683544,Buccho,626,Spain,Male,62,0,1,1,1,65010.74,2/1/2026,1/24/2023
15700223,Steiner,806,France,Male,48,164701.68,1,1,1,21439.49,2/1/2026,8/24/2021
15719352,Davidson,754,Spain,Male,39,170184.99,2,1,0,89593.26,2/1/2026,11/30/2019
15762138,Hu,608,France,Male,42,0,2,1,0,178504.29,2/1/2026,9/7/2020
15631201,Hill,472,Spain,Female,28,0,2,1,0,1801.77,2/1/2026,3/9/2021
15768244,Macleod,538,Spain,Female,30,0,2,1,1,41192.95,2/1/2026,4/16/2017
15742238,Dellucci,705,Germany,Male,35,136496.12,2,1,0,116672.02,2/1/2026,1/16/2022
15766374,Leak,632,Germany,Male,42,119624.6,2,1,1,195978.86,2/1/2026,10/24/2021
15700255,Robson,814,Germany,Male,44,95488.82,2,0,0,107013.59,2/1/2026,6/30/2017
15745012,Pettit,653,France,Female,43,0,2,1,1,7330.59,2/1/2026,6/25/2019
15742229,Mackay,583,France,Male,59,127450.14,1,0,1,67552.71,2/1/2026,8/14/2018
15645621,Hunter,811,Spain,Male,44,0,2,0,1,78439.73,2/1/2026,4/2/2022
15651063,Ifeatu,524,Germany,Female,37,127480.58,2,1,0,,2/1/2026,2/15/2016
15792660,Gibbons,614,France,Male,38,116248.88,1,1,0,105140.92,2/1/2026,6/27/2023
15676715,Madukaego,640,France,Male,68,0,2,1,1,199493.38,2/1/2026,3/4/2016
15637240,Wei,541,France,Male,46,124547.13,2,1,0,94499.06,2/1/2026,9/22/2021
15605447,Palermo,752,France,Male,49,78653.84,1,1,0,7698.6,2/1/2026,12/14/2023
15683677,Schiavone,769,Spain,Male,39,0,1,1,1,47722.79,2/1/2026,2/25/2016
15688963,Ingram,731,France,Female,52,0,1,1,1,24998.75,2/1/2026,5/15/2015
15633930,Yobachukwu,648,Spain,Female,56,157559.59,2,1,0,140991.23,2/1/2026,7/13/2019
15679909,Pugliesi,665,Spain,Male,41,0,2,1,0,132152.32,2/1/2026,12/24/2017
15644753,Hung,848,Spain,Male,40,110929.96,1,1,1,,2/1/2026,1/21/2023
15571221,Bergamaschi,747,Germany,Male,58,116313.57,1,1,1,190696.35,2/1/2026,2/9/2018
15813917,Kirk,653,Germany,Male,31,143321.97,1,1,0,83679.46,2/1/2026,1/14/2017
15583049,Wallace,643,Germany,Female,34,160426.07,1,0,1,188533.11,2/1/2026,8/26/2018
15685109,Teng,689,France,Male,39,0,2,0,0,14917.09,2/1/2026,3/12/2018
15608230,Hoelscher,667,France,Male,23,0,2,1,0,91573.19,2/1/2026,11/5/2024
15639946,Sazonova,597,Germany,Female,39,162532.14,3,1,0,36051.46,2/1/2026,8/24/2017
15657214,Hsia,601,France,Male,74,0,2,0,1,51554.58,2/1/2026,9/24/2023
15604482,Chiemezie,850,Spain,Male,30,141040.01,1,1,1,5978.2,2/1/2026,5/1/2023
15591577,Moran,584,France,Male,35,146311.58,1,1,1,105443.47,2/1/2026,5/8/2022
15809286,Burke,631,Germany,Male,37,138292.64,2,0,0,152422.91,2/1/2026,6/19/2017
15787318,Holmwood,537,Germany,Female,47,103163.35,1,1,0,16259.64,2/1/2026,9/18/2019
15771211,Perkins,668,France,Male,38,86977.96,1,0,1,37094.75,2/1/2026,9/11/2015
15815660,Mazzi,758,France,Female,34,154139.45,1,1,1,60728.89,2/1/2026,9/3/2024
15785519,May,565,France,Male,36,106192.1,1,1,0,149575.59,2/1/2026,8/21/2019
15807595,Ijendu,485,Germany,Male,51,144244.59,2,1,0,51113.14,2/1/2026,9/1/2018
15790379,Rowe,629,Germany,Male,28,108601,1,1,1,,2/1/2026,10/6/2017
15582797,Ch'iu,685,Spain,Male,35,137948.51,1,1,0,113639.64,2/1/2026,12/15/2021
15635972,Lloyd,484,Spain,Male,36,0,2,1,0,186136.48,2/1/2026,11/14/2017
15684999,Ch'eng,850,France,Female,26,62610.96,2,0,1,179365.1,2/1/2026,4/5/2021
15716324,Ignatieff,665,France,Female,23,143672.9,1,1,1,115147.33,2/1/2026,12/25/2016
15750466,Rhodes,790,Germany,Male,42,85839.62,1,1,0,198182.73,2/1/2026,6/29/2024
15578799,Anayolisa,625,France,Female,58,53772.73,1,1,1,192072.1,2/1/2026,6/1/2015
15732175,Bruno,776,France,Male,37,0,1,0,1,8065,2/1/2026,1/13/2024
15617518,Hu,675,Germany,Male,36,89409.95,1,1,1,149399.7,2/1/2026,10/14/2018
15709324,Bruce,417,France,Male,34,0,2,1,0,55003.79,2/1/2026,4/6/2018
15689294,Onyemaechi,705,Germany,Male,44,105934.96,1,1,0,82463.69,2/1/2026,9/25/2022
15747591,Chung,665,Spain,Female,40,173432.55,1,0,1,,2/1/2026,10/3/2024
15626900,Kung,427,France,Male,29,141325.56,1,1,1,93839.3,2/1/2026,7/26/2024
15725997,She,660,France,Female,35,100768.77,1,1,0,19199.61,2/1/2026,11/13/2019
15726931,Onwumelu,715,France,Female,41,56214.85,2,0,0,92982.61,2/1/2026,2/23/2017
15761986,Obialo,439,Spain,Female,32,138901.61,1,1,0,75685.97,2/1/2026,4/9/2022
15603134,Pai,656,Spain,Female,40,167878.5,1,0,1,151887.16,2/1/2026,12/6/2015
15743040,Kuznetsova,724,Germany,Male,41,127892.57,2,0,1,199645.45,2/1/2026,12/9/2023
15683625,Hare,703,France,Male,37,149762.08,1,1,0,20629.4,2/1/2026,8/29/2024
15759317,Vasilieva,748,Germany,Female,27,90971.85,1,1,1,131662.47,2/1/2026,1/27/2024
15669656,Macdonald,632,France,Male,32,111589.33,1,1,1,170382.99,2/1/2026,9/13/2019
15812750,Ozioma,591,France,Male,24,147360,1,1,1,25310.82,2/1/2026,2/8/2019
15753332,Loftus,401,Germany,Male,48,128140.17,1,1,0,175753.55,2/1/2026,10/29/2017
15615624,De Salis,605,France,Female,28,0,2,0,0,159508.52,2/1/2026,9/29/2019
15614934,McEwan,625,Germany,Female,37,142711.81,1,1,0,35625.41,2/1/2026,7/8/2021
15645511,Chukwudi,727,Spain,Male,43,97403.18,1,1,1,107415.02,2/1/2026,11/28/2023
15621083,Douglas,698,France,Male,57,136325.48,2,1,1,72549.27,2/1/2026,8/19/2019
15615020,Nnaife,595,Germany,Female,41,150463.11,2,0,1,81548.38,2/1/2026,8/10/2016
15741385,Gallop,710,Germany,Male,45,108231.37,1,1,1,188574.08,2/1/2026,8/2/2016
15683195,Ubanwa,719,France,Male,32,146605.27,1,1,1,77119.45,2/1/2026,4/29/2016
15806688,Manfrin,726,Spain,Female,56,123110.9,3,0,1,130113.78,2/1/2026,1/13/2018
15781034,Mason,796,Spain,Male,67,0,2,0,1,54871.02,2/1/2026,10/22/2020
15689044,Humphries,539,France,Male,37,127609.59,1,1,0,98646.22,2/1/2026,10/16/2023
15683841,Hamilton,555,,Male,41,113270.2,2,1,1,185387.14,2/1/2026,9/4/2015
15809100,Nucci,548,France,Female,32,172448.77,1,1,0,188083.77,2/1/2026,10/6/2023
15755638,Mancini,673,France,Female,43,168069.73,1,1,1,146992.24,2/1/2026,6/26/2020
15613712,Boag,634,Spain,Male,34,0,2,1,0,61995.57,2/1/2026,3/17/2024
15708916,Paterson,587,France,Male,38,0,2,1,0,47414.15,2/1/2026,11/25/2025
15705890,Nebechukwu,674,France,Male,45,142072.02,1,1,0,37013.29,2/1/2026,3/30/2018
15656726,Ch'ien,771,France,Male,32,62321.62,1,1,1,40920.59,2/1/2026,7/25/2020
15609618,Fanucci,721,Germany,Male,28,154475.54,2,0,1,101300.94,2/1/2026,10/3/2016
15682618,Jamieson,535,France,Female,31,111855.04,2,1,1,36278.89,2/1/2026,11/6/2018
15687477,Thompson,594,Germany,Male,28,185013.02,1,1,0,16481.12,2/1/2026,11/16/2020
15713608,Tuan,850,France,Female,41,0,2,1,1,34827.43,2/1/2026,4/25/2020
15583576,Tai,671,France,Male,30,0,1,0,1,102057.86,2/1/2026,9/12/2023
15602312,Walkom,605,Spain,Male,33,150092.8,1,0,0,71862.79,2/1/2026,8/3/2020
15792328,James,475,France,Male,39,0,1,1,1,56999.9,2/1/2026,10/13/2019
15765806,Wu,492,France,Male,29,144591.96,1,1,1,196293.76,2/1/2026,1/3/2025
15807609,Yuan,650,Spain,Female,25,86605.5,3,1,0,16649.31,2/1/2026,11/24/2022
15628170,Brown,565,Germany,Female,32,68067.24,1,1,0,143287.58,2/1/2026,10/18/2016
15740104,Tuan,425,Spain,Female,22,169649.73,2,0,1,136365,2/1/2026,6/24/2018
15641655,Black,700,France,Female,26,0,2,0,0,50051.42,2/1/2026,9/23/2023
15815626,Oluchi,640,France,Male,63,68432.45,2,1,1,112503.24,2/1/2026,7/20/2023
15776231,Kent,626,Germany,Male,35,88109.81,1,1,1,32825.5,2/1/2026,9/15/2021
15675328,Knight,449,France,Female,37,0,2,1,0,82176.48,2/1/2026,11/29/2019
15658169,Cook,778,Spain,Female,47,127299.34,2,1,0,124694.99,2/1/2026,4/4/2019
15628203,Pai,637,France,Female,38,104339.56,1,0,0,119882.86,2/1/2026,12/12/2022
15592877,Wright,641,Spain,Male,42,132657.55,1,1,0,35367.19,2/1/2026,11/19/2016
15730830,Dale,752,France,Female,30,0,2,1,1,104991.28,2/1/2026,12/20/2022
15735203,Seleznyov,654,Germany,Female,32,114510.85,1,1,1,126143.23,2/1/2026,9/14/2024
15788291,Okwuadigbo,713,Germany,Female,38,144606.22,1,1,1,56594.36,2/1/2026,3/15/2018
15723339,Chin,554,France,Female,38,137654.05,2,1,1,172629.67,2/1/2026,6/17/2021
15634262,Fantin,709,Germany,Male,34,148375.19,2,1,1,21521.38,2/1/2026,7/19/2021
15617866,Calabrese,657,Spain,Male,67,119785.47,2,1,1,107534.32,2/1/2026,3/2/2020
15651983,Fang,591,France,Female,56,128882.49,1,1,1,196241.94,2/1/2026,7/9/2016
15685320,Johnstone,767,France,Male,36,139180.2,1,0,0,123880.19,2/1/2026,1/29/2023
15755196,Lavine,834,France,Female,49,131394.56,1,0,0,194365.76,2/1/2026,4/2/2023
15777576,Frost,559,Spain,Female,40,139129.44,1,0,1,32635.54,2/1/2026,12/25/2020
15647301,Bray,549,Germany,Female,45,143734.01,2,1,1,,2/1/2026,7/23/2022
15694200,Gardner,693,France,Male,36,178111.82,1,0,0,58719.63,2/1/2026,7/18/2017
15732476,Ifeanyichukwu,600,France,Female,27,0,2,0,1,125698.97,2/1/2026,2/16/2022
15661670,Chidozie,524,Germany,Female,31,107818.63,1,1,0,199725.39,2/1/2026,5/13/2017
15776824,Rossi,714,France,Male,28,122724.37,1,1,1,67057.27,2/1/2026,12/9/2019
15723250,Teng,519,France,Male,42,0,2,1,1,101485.72,2/1/2026,6/2/2017
15696098,Palermo,498,France,Female,31,0,2,1,0,13892.57,2/1/2026,4/26/2015
15702789,Carter,548,Germany,Male,32,175214.71,1,1,1,155165.61,2/1/2026,4/29/2020
15636089,Hs?,678,Germany,Female,51,145751.03,1,0,0,109718.44,2/1/2026,5/14/2024
15812982,Francis,509,Spain,Male,38,0,1,0,0,168460.12,2/1/2026,5/10/2023
15814035,Lawrence,601,France,Male,29,0,1,1,1,80393.27,2/1/2026,2/16/2016
15648735,Cashin,718,France,Male,37,0,2,1,1,142.81,2/1/2026,1/25/2018
15678626,Okonkwo,538,Spain,Female,31,0,2,0,0,179453.66,2/1/2026,8/20/2025
15620507,Siciliani,485,Germany,Female,30,156771.68,1,1,1,141148.21,2/1/2026,8/10/2020
15756901,Ch'ang,641,France,Female,26,91547.84,2,0,1,28157.34,2/1/2026,5/9/2021
15687752,Griffin,641,France,Male,30,87505.47,2,0,1,7278.57,2/1/2026,2/12/2023
15688619,Scott,718,Spain,Male,45,105266.32,2,1,1,193724.51,2/1/2026,7/27/2022
15780144,Tisdall,512,Germany,Female,32,123403.85,2,1,0,80120.19,2/1/2026,11/5/2023
15703588,Palerma,665,Germany,Male,25,153611.83,2,1,0,35321.65,2/1/2026,2/27/2020
15649523,Kennedy,581,France,Male,38,0,2,1,0,46176.22,2/1/2026,11/23/2024
15755223,Tseng,692,Germany,Male,53,150926.99,2,0,0,119817.19,2/1/2026,5/30/2018
15660316,Stephenson,420,Germany,Female,34,135549.9,1,0,0,149471.13,2/1/2026,4/19/2024
15733974,Mao,500,Spain,Male,37,125822.21,1,1,0,111698,2/1/2026,7/10/2016
15623944,T'ien,511,Spain,Female,66,0,1,1,0,1643.11,2/1/2026,10/20/2021
15616380,Wheeler,803,Spain,Female,37,0,2,0,0,7455.2,2/1/2026,9/22/2024
15775912,Mazzanti,698,France,Male,48,101238.24,2,0,1,177815.87,2/1/2026,12/13/2021
15666043,Mackey,520,France,Male,33,156297.58,2,1,1,166102.61,2/1/2026,1/2/2022
15725818,Chibuzo,583,Germany,Male,40,107041.3,1,1,1,5635.63,2/1/2026,2/14/2021
15591607,Fernie,770,France,Male,24,101827.07,1,1,0,167256.35,2/1/2026,6/1/2016
15724443,Taylor,703,Germany,Female,29,122084.63,1,0,1,82824.08,2/1/2026,6/23/2022
15677871,Cocci,687,France,Male,38,122570.87,1,1,1,35608.88,2/1/2026,10/25/2016
15597909,Johnstone,652,Germany,Male,33,128135.99,1,1,0,158437.73,2/1/2026,2/12/2018
15780846,Redding,787,France,Male,33,126588.81,2,0,1,62163.53,2/1/2026,5/15/2024
15586993,Giordano,655,Spain,Female,56,0,2,1,1,41782.7,2/1/2026,4/23/2020
15751208,Pirozzi,684,Spain,Male,56,78707.16,1,1,1,99398.36,2/1/2026,5/22/2017
15676895,Cattaneo,547,Germany,Female,39,74596.15,3,1,1,85746.52,2/1/2026,6/2/2019
15725039,McIntyre,702,Spain,Male,32,71667.74,1,1,1,126082.18,2/1/2026,8/12/2017
15757811,Lloyd,732,Spain,Female,69,137453.43,1,0,1,110932.24,2/1/2026,2/29/2016
15739131,Whitworth,718,Germany,Male,28,65643.3,1,1,0,28760.99,2/1/2026,5/6/2021
15602034,Kolesnikov,697,France,Female,34,126558.92,1,1,0,73334.43,2/1/2026,9/17/2023
15706647,Jordan,761,France,Male,31,0,3,1,1,166698.18,2/1/2026,1/6/2019
15625623,Stevenson,567,France,Female,45,0,2,0,1,121053.19,2/1/2026,7/10/2021
15573741,Aliyeva,698,Spain,Male,38,95010.92,1,1,1,105227.86,2/1/2026,10/2/2015
15634891,Jamison,504,Germany,Female,43,102365.49,1,1,0,194690.77,2/1/2026,4/19/2018
15764866,Synnot,539,Germany,Female,43,116220.5,3,1,0,55803.96,2/1/2026,2/22/2022
15681206,Hsing,722,France,Female,49,168197.66,1,1,0,140765.57,2/1/2026,12/12/2022
15746726,Doyle,438,Germany,Male,31,78398.69,1,1,0,44937.01,2/1/2026,9/23/2017
15681843,Barbour,624,Germany,Female,35,180303.24,2,1,0,163587.9,2/1/2026,8/22/2025
15667521,Crawford,631,France,Female,22,0,2,0,0,30781.77,2/1/2026,6/7/2022
15780804,Nucci,482,France,Male,55,97318.25,1,0,1,78416.14,2/1/2026,12/9/2020
15640627,Wan,611,Spain,Male,34,0,2,1,0,170950.58,2/1/2026,11/27/2021
15645248,Ho,510,France,Female,30,0,2,1,1,130553.47,2/1/2026,8/28/2025
15668669,Benson,423,France,Female,36,97665.61,1,1,0,118372.55,2/1/2026,8/5/2020
15574167,Fox,665,France,Male,33,101286.11,1,1,1,159840.51,2/1/2026,11/18/2023
15713378,Brownless,711,France,Male,38,0,2,0,0,53311.78,2/1/2026,12/6/2015
15625080,Parkin,745,Spain,Female,54,0,1,1,0,173912.29,2/1/2026,3/25/2017
15670753,Uvarova,614,Spain,Male,35,127283.78,1,1,1,31302.35,2/1/2026,7/31/2023
15745621,Wertheim,640,Spain,Female,32,118879.35,2,1,1,19131.71,2/1/2026,10/30/2019
15746708,Ritchie,589,Germany,Male,55,119961.48,1,1,0,65156.83,2/1/2026,11/3/2018
15594864,Huang,752,Germany,Male,30,81523.38,1,1,1,36885.85,2/1/2026,9/2/2021
15762169,Bergman,556,Germany,Male,37,145018.64,2,1,0,90928.02,2/1/2026,8/5/2016
15812191,Brennan,553,France,Male,33,118082.89,1,0,0,94440.45,2/1/2026,12/8/2021
15710404,Chinwendu,569,France,Male,35,124525.52,1,1,1,193793.78,2/1/2026,10/3/2015
15715527,Freeman,543,Spain,Female,41,0,1,0,0,194902.16,2/1/2026,1/22/2022
15732674,Fennell,443,Spain,Male,36,70438.01,2,0,1,56937.43,2/1/2026,3/31/2019
15769064,Marshall,537,Germany,Male,39,135309.36,1,1,0,31728.86,2/1/2026,4/1/2022
15780954,Cran,582,Spain,Male,26,65848.36,2,1,0,30149.21,2/1/2026,5/21/2021
15688074,Gregory,802,Germany,Male,31,125013.72,1,1,1,187658.09,2/1/2026,3/2/2024
15804394,Brenan,663,Germany,Male,32,130627.66,1,1,0,47161.25,2/1/2026,9/23/2017
15646615,Muir,576,Germany,Male,28,119336.29,2,0,1,58976.85,2/1/2026,10/27/2024
15778463,Ikenna,657,France,Female,37,95845.6,1,1,0,122218.23,2/1/2026,11/18/2019
15726358,Chiemenam,681,France,Male,34,0,2,0,0,130686.59,2/1/2026,11/28/2018
15571148,Baranov,645,Spain,Female,21,0,2,0,0,28726.07,2/1/2026,4/29/2024
15711288,Hay,512,France,Male,24,0,2,1,0,37654.31,2/1/2026,3/3/2019
15771636,Marshall,793,Spain,Female,36,0,1,0,0,148993.47,2/1/2026,5/16/2025
15773487,Conway,634,Germany,Female,31,76798.92,1,0,0,196021.73,2/1/2026,7/10/2017
15654495,Potter,706,Germany,Female,47,120621.89,1,1,1,140803.7,2/1/2026,8/30/2019
15567422,Chiazagomekpele,630,France,Male,42,0,2,1,0,162697.93,2/1/2026,11/27/2019
15620981,Wickham,684,France,Female,48,73309.38,1,0,0,,2/1/2026,12/24/2022
15610686,Melton,850,France,Male,63,169832.57,1,0,0,184107.26,2/1/2026,9/25/2017
15752026,Hammer,691,France,Male,58,0,1,0,1,194930.3,2/1/2026,3/10/2022
15645569,Mai,762,Spain,Female,26,123709.46,2,1,1,169654.57,2/1/2026,8/12/2018
15619889,Vasin,556,France,Male,26,0,1,1,0,195167.38,2/1/2026,1/12/2022
15779064,Chidiegwu,677,France,Male,27,0,2,1,1,20092.89,2/1/2026,1/20/2024
15787619,Hsieh,844,France,Male,18,160980.03,1,0,0,145936.28,2/1/2026,8/5/2023
15663489,Onio,633,Germany,Female,29,138577.34,1,1,0,193362.99,2/1/2026,4/7/2025
15608968,Averyanov,714,Germany,Male,21,86402.52,2,0,0,27330.59,2/1/2026,4/8/2019
15601026,Gallagher,572,Germany,Female,19,138657.08,1,1,1,16161.82,2/1/2026,3/22/2024
15775306,Ni,421,Germany,Male,28,122384.22,3,1,1,89017.38,2/1/2026,9/12/2017
15625524,Rowe,512,France,Male,40,0,2,1,1,146457.83,2/1/2026,12/28/2020
15733581,Duncan,831,Germany,Male,32,80262.66,1,1,0,194867.78,2/1/2026,8/2/2016
15596175,McIntosh,659,Germany,Male,67,117411.6,1,1,1,45071.09,2/1/2026,11/24/2019
15644572,Turnbull,501,France,Male,40,125832.2,1,1,1,100433.83,2/1/2026,2/20/2021
15733616,Sopuluchukwu,806,France,Male,40,80613.93,1,1,1,142838.64,2/1/2026,7/29/2020
15597945,Dellucci,636,Spain,Female,32,0,2,1,0,138555.46,2/1/2026,9/2/2017
15567993,Palmer,828,Spain,Male,28,134766.85,1,1,0,79355.87,2/1/2026,5/1/2017
15784676,Fanucci,583,France,Male,51,125268.03,2,1,0,165082.25,2/1/2026,5/30/2019
15701333,Blackburn,646,France,Female,37,96558.66,1,0,0,163427.18,2/1/2026,11/20/2018
15692926,Toscani,498,Germany,Male,25,121702.73,1,1,1,132210.49,2/1/2026,8/20/2017
15770309,McDonald,656,France,Male,18,151762.74,1,0,1,127014.32,2/1/2026,2/8/2015
15649744,Fallaci,628,France,Female,51,123981.31,2,1,1,40546.15,2/1/2026,12/21/2022
15737792,Abbie,818,France,Female,31,186796.37,1,0,0,,2/1/2026,1/3/2025
15769216,Panicucci,601,France,Female,43,0,1,1,0,49713.87,2/1/2026,6/26/2023
15612108,Norman,625,France,Male,52,164978.01,1,1,1,67788.49,2/1/2026,1/11/2021
15591509,Milano,690,France,Male,36,101583.11,2,1,0,123775.15,2/1/2026,1/11/2019
15652540,Garnsey,683,France,Male,31,0,2,0,1,77326.78,2/1/2026,5/19/2023
15764409,Goodman,613,France,Male,37,108286.5,1,1,1,114153.44,2/1/2026,10/17/2016
15775888,McDonald,593,Germany,Female,38,85626.6,1,1,1,125079.65,2/1/2026,5/4/2020
15608886,Okwudiliolisa,679,France,Female,33,0,2,0,0,69608.48,2/1/2026,5/18/2024
15686963,Hardiman,680,Spain,Female,30,0,1,1,0,160131.58,2/1/2026,9/11/2022
15810218,Sun,610,Spain,Male,29,0,3,0,1,83912.24,2/1/2026,12/24/2016
15628972,Nebeolisa,699,Germany,Male,32,123906.22,3,1,1,127443.82,2/1/2026,8/27/2024
15701765,Vincent,575,Spain,Female,37,0,2,0,0,30114.32,2/1/2026,6/11/2025
15769948,Palerma,737,Germany,Male,35,133377.8,1,0,1,,2/1/2026,11/17/2025
15782899,Ginn,661,Spain,Female,28,95357.49,1,0,0,102297.15,2/1/2026,4/26/2018
15671655,Thorpe,763,Germany,Male,31,143966.3,2,1,1,140262.96,2/1/2026,3/2/2018
15743067,Fuller,625,Germany,Male,26,130483.95,1,1,0,122810.53,2/1/2026,11/8/2022
15803526,Eremenko,685,Germany,Male,30,90536.81,1,0,1,63082.88,2/1/2026,6/5/2022
15679550,Chukwualuka,743,France,Male,32,0,2,1,0,175252.78,2/1/2026,10/22/2016
15757001,Mai,624,France,Female,32,79368.87,2,1,1,145471.94,2/1/2026,8/27/2023
15655274,Bardin,548,France,Female,29,0,2,0,1,48673.18,2/1/2026,2/24/2021
15637650,Williams,549,France,Male,50,94748.76,2,0,1,13608.18,2/1/2026,4/1/2016
15723894,Younger,625,France,Male,45,137555.44,1,0,0,124607.7,2/1/2026,11/13/2018
15799350,Mao,632,France,Male,41,106134.46,1,0,1,105570.39,2/1/2026,2/14/2025
15635905,Moran,616,,Female,32,0,2,1,1,,2/1/2026,8/25/2019
15753370,McDonald,691,Germany,Female,38,114753.76,1,1,0,107665.02,2/1/2026,12/5/2020
15685706,Bird,731,France,Female,40,118991.79,1,1,1,156048.64,2/1/2026,7/1/2018
15588537,Robinson,615,Spain,Female,41,109013.23,1,1,0,,2/1/2026,8/8/2016
15581036,Beyer,712,Germany,Female,40,109308.79,2,1,0,120158.72,2/1/2026,12/30/2022
15636731,Ts'ai,714,Germany,Female,36,101609.01,2,1,1,447.73,2/1/2026,10/14/2024
15593969,Abramovich,630,Spain,Female,39,135483.17,1,1,0,140881.2,2/1/2026,10/18/2018
15688880,Amechi,672,Germany,Male,40,102980.44,1,1,0,1285.81,2/1/2026,6/11/2015
15625461,Amos,613,France,Female,45,187841.99,2,1,1,147224.27,2/1/2026,9/13/2024
15806132,Martin,555,France,Male,55,146798.81,1,1,1,74149.77,2/1/2026,12/17/2021
15662100,Hsu,850,Germany,Female,44,128605.32,1,0,1,171096.2,2/1/2026,3/3/2020
15641416,Shaffer,732,Germany,Female,61,94867.18,2,1,1,157527.6,2/1/2026,2/16/2016
15702430,Ignatyeva,548,France,Female,35,0,1,1,1,,2/1/2026,6/15/2015
15705512,Welch,668,Germany,Female,37,167864.4,1,1,0,115638.29,2/1/2026,1/4/2020
15632264,Kay,476,France,Female,34,0,2,1,0,,2/1/2026,4/24/2015
15809722,Ankudinov,611,France,Female,40,100812.33,2,1,0,147358.27,2/1/2026,3/18/2017
15791268,Neumann,565,Spain,Male,38,122447.76,1,0,0,67339.34,2/1/2026,7/22/2025
15571752,Romani,668,Germany,Female,32,92041.87,1,1,1,43595.9,2/1/2026,11/28/2015
15724127,McLean,790,France,Female,26,141581.71,2,0,0,98309.27,2/1/2026,11/14/2021
15581620,Franklin,597,France,Male,28,0,3,1,1,78707.97,2/1/2026,7/12/2023
15569222,Mendes,781,France,Male,32,147107.91,1,1,1,40066.95,2/1/2026,7/12/2019
15591995,Barry,757,Germany,Male,26,121581.56,2,1,1,127059.04,2/1/2026,10/13/2017
15613713,Kozlova,644,France,Male,30,44928.88,1,1,1,10771.46,2/1/2026,4/11/2020
15752137,McElroy,648,France,Male,33,134944,1,1,1,117036.38,2/1/2026,3/4/2018
15787155,Yang,514,Spain,Male,30,0,1,0,1,125010.24,2/1/2026,8/10/2018
15603203,Avdeyeva,650,France,Female,27,0,2,1,0,1002.39,2/1/2026,12/21/2019
15809006,Walker,602,France,Male,23,113758.48,2,0,0,84077.6,2/1/2026,5/13/2018
15787071,Dulhunty,650,Spain,Male,41,0,2,0,1,191599.67,2/1/2026,3/9/2016
15749050,Justice,548,France,Female,36,0,1,1,0,65996.9,2/1/2026,11/4/2022
15584190,Esposito,704,France,Male,36,120026.98,2,0,1,100601.73,2/1/2026,12/5/2018
15679760,Slattery,721,France,Male,46,115764.32,2,0,0,102950.79,2/1/2026,5/20/2024
15725355,Morey,439,France,Female,43,0,1,0,1,104889.3,2/1/2026,10/23/2017
15625047,Yen,846,France,Female,38,0,1,1,1,187616.16,2/1/2026,12/4/2020
15712551,Shen,622,Germany,Female,58,116922.25,1,1,0,120415.61,2/1/2026,11/1/2018
15750264,Pinto,757,Germany,Male,30,105128.85,2,1,1,62972.13,2/1/2026,3/28/2019
15785980,Williford,588,Spain,Male,34,121132.26,2,1,0,,2/1/2026,5/9/2019
15576602,Lawrence,809,France,Male,38,0,2,1,1,80061.31,2/1/2026,6/21/2022
15574947,Cartwright,656,France,Male,36,97786.08,2,0,1,21478.36,2/1/2026,8/11/2017
15593973,Wilkie,663,Spain,Female,33,122528.18,1,1,0,196260.3,2/1/2026,8/25/2017
15786014,Ku,568,France,Male,28,145105.64,2,1,0,185489.11,2/1/2026,5/19/2020
15586264,Murray,572,France,Male,43,140431.98,1,1,0,26450.57,2/1/2026,9/17/2023
15742272,Ozerova,669,France,Female,44,96418.09,1,0,0,131609.48,2/1/2026,9/3/2017
15617078,Ewing,658,France,Female,44,148481.09,1,1,0,130529.13,2/1/2026,7/2/2019
15575410,Chidiegwu,667,Germany,Female,39,83765.35,2,1,0,118358.54,2/1/2026,1/9/2022
15605279,Francis,792,France,Male,50,0,4,1,1,194700.81,2/1/2026,8/29/2016
15647975,Vida,651,Germany,Male,26,147037.32,1,0,0,141763.26,2/1/2026,9/11/2020
15635660,Rossi,612,Germany,Male,30,142910.15,1,1,0,105890.55,2/1/2026,7/7/2016
15706552,Odinakachukwu,533,France,Male,36,85311.7,1,0,1,156731.91,2/1/2026,7/13/2018
15798310,Palerma,480,France,Male,35,165692.91,1,1,1,197984.58,2/1/2026,4/15/2023
15590320,Shelton,850,France,Male,66,0,2,0,1,64350.8,2/1/2026,9/8/2021
15571973,Chinwemma,776,France,Female,38,169824.46,1,1,0,169291.7,2/1/2026,6/3/2023
15595282,White,735,France,Female,33,0,2,1,0,149474.69,2/1/2026,5/26/2021
15808689,Morres,850,France,Female,31,0,2,1,1,33082.81,2/1/2026,3/9/2021
15693904,Chiang,685,Germany,Female,30,84958.6,2,0,1,194343.72,2/1/2026,11/23/2021
15712176,Burke,816,France,Male,31,0,2,1,1,28407.4,2/1/2026,6/12/2017
15685357,Wright,750,Spain,Female,36,112940.07,1,0,1,9855.81,2/1/2026,7/1/2017
15784209,Tang,497,France,Male,47,0,1,1,1,90055.08,2/1/2026,4/17/2019
15658929,Taverner,683,Spain,Male,29,133702.89,1,1,0,55582.54,2/1/2026,6/9/2025
15680727,Fang,735,France,Male,49,121973.28,1,1,0,148804.36,2/1/2026,6/22/2020
15689612,Pirozzi,554,Spain,Female,34,0,1,0,1,106981.03,2/1/2026,8/20/2017
15623644,Frolov,626,,Male,29,0,2,1,0,49361.84,2/1/2026,7/25/2018
15680918,Freeman,613,Spain,Male,34,117300.02,1,1,0,139410.08,2/1/2026,8/6/2017
15795149,Stevens,703,France,Male,28,81173.83,2,0,1,162812.16,2/1/2026,4/5/2023
15681446,Sun,636,Germany,Female,37,157098.52,1,1,1,153535.27,2/1/2026,11/25/2016
15682547,Lucchese,649,France,Male,38,122214,1,0,1,88965.46,2/1/2026,4/18/2024
15720649,Ferdinand,641,France,Female,36,66392.64,1,1,0,31106.67,2/1/2026,3/12/2020
15629677,Distefano,687,Spain,Female,39,0,3,0,0,188150.6,2/1/2026,1/23/2024
15645956,Jideofor,452,Spain,Male,44,88915.85,1,1,0,69697.74,2/1/2026,4/10/2022
15578866,Hughes,676,France,Female,43,0,1,1,1,55119.53,2/1/2026,8/3/2023
15701096,De Garis,778,France,Male,44,123863.64,1,1,0,144494.94,2/1/2026,12/7/2017
15674922,Beavers,710,France,Male,54,171137.62,1,1,1,167023.95,2/1/2026,7/8/2019
15679642,Feng,695,Spain,Male,44,0,2,1,1,70974.13,2/1/2026,11/14/2017
15569410,Tang,601,Germany,Female,33,114430.18,2,1,1,153012.13,2/1/2026,10/29/2018
15686909,Lung,639,Germany,Male,27,150795.81,1,0,1,85208.93,2/1/2026,1/26/2023
15568748,Poole,671,Germany,Male,45,99564.22,1,1,1,108872.45,2/1/2026,1/10/2020
15780961,Cavenagh,735,,Female,21,178718.19,2,1,0,22388,2/1/2026,4/17/2024
15666252,Ritchie,706,Spain,Male,42,0,2,1,1,28714.34,2/1/2026,6/22/2016
15781589,Carpenter,751,Spain,Male,52,0,2,0,1,179291.85,2/1/2026,8/30/2017
15636684,Kirkland,727,France,Male,34,0,2,1,1,198637.34,2/1/2026,8/8/2015
15798906,Cox,628,France,Male,69,0,2,1,1,181964.6,2/1/2026,9/6/2020
15663252,Olisanugo,850,Spain,Female,32,0,2,1,1,18924.92,2/1/2026,5/7/2016
15770811,Wallace,519,France,Male,36,0,2,0,1,145562.4,2/1/2026,2/29/2016
15705515,Lazarev,587,Germany,Male,40,138241.9,2,1,0,,2/1/2026,12/1/2020
15668958,Chatfield,521,France,Male,30,107316.09,1,1,0,64299.82,2/1/2026,1/20/2024
15709387,Obiajulu,711,France,Male,52,0,1,1,1,159808.95,2/1/2026,3/28/2020
15737888,Mitchell,850,Spain,Female,43,125510.82,1,1,1,79084.1,2/1/2026,7/26/2023
15720671,Ibezimako,704,France,Male,42,129735.3,2,1,1,179565.57,2/1/2026,10/31/2017
15682890,Woronoff,745,Germany,Male,38,65095.41,2,1,1,140197.42,2/1/2026,2/27/2020
15651802,Day,632,Spain,Female,39,97854.37,2,1,0,93536.38,2/1/2026,1/30/2021
15678284,Pai,651,France,Male,35,74623.5,3,1,0,129451.29,2/1/2026,10/28/2018
15661507,Muldrow,587,Spain,Male,45,0,1,0,0,158684.81,2/1/2026,2/4/2019
15761348,Kuo,601,France,Female,38,0,2,1,0,165196.65,2/1/2026,8/13/2025
15652527,Champion,680,France,Male,44,108724.98,1,0,1,72330.46,2/1/2026,11/15/2018
15679148,Oliver,508,France,Male,44,115451.05,2,0,0,67234.33,2/1/2026,12/13/2022
15649121,Pinto,665,France,Male,52,0,1,1,0,116137.01,2/1/2026,4/22/2022
15689980,Willis,725,Spain,Female,36,118520.26,1,0,0,131173.9,2/1/2026,3/16/2021
15640865,Romano,636,Germany,Female,31,80844.69,2,1,1,74641.9,2/1/2026,5/26/2016
15608387,Fu,786,France,Female,29,0,2,1,0,103372.79,2/1/2026,9/20/2021
15746737,Eames,565,Germany,Male,59,69129.59,1,1,1,170705.53,2/1/2026,6/23/2016
15669064,Mazzanti,671,Germany,Male,35,144848.74,1,1,1,179012.3,2/1/2026,7/22/2024
15760294,Endrizzi,512,France,Female,41,145150.28,1,1,0,64869.32,2/1/2026,2/2/2018
15781702,Brookes,733,Germany,Male,38,111347.37,2,0,1,194872.97,2/1/2026,2/22/2016
15671766,Enyinnaya,599,France,Male,44,118577.24,1,1,1,31448.52,2/1/2026,4/24/2015
15583681,Layh,616,Spain,Male,31,76665.71,2,1,1,163809.08,2/1/2026,5/2/2018
15792388,Li,645,France,Female,48,90612.34,1,1,1,149139.13,2/1/2026,11/14/2018
15665221,Nwebube,630,France,Male,26,129837.72,2,0,1,197001.15,2/1/2026,3/2/2018
15792008,Zetticci,555,Spain,Female,26,0,2,0,1,158918.03,2/1/2026,11/7/2016
15578297,Ebelegbulam,737,Germany,Female,43,125537.38,1,1,0,138510.01,2/1/2026,5/7/2024
15681562,Trevisan,516,France,Female,43,112773.73,2,1,1,139366.58,2/1/2026,10/2/2023
15757521,Ricci,606,France,Male,35,132164.26,1,0,1,164815.59,2/1/2026,5/17/2023
15646539,Liao,531,France,Male,31,96288.26,1,1,0,56794.73,2/1/2026,2/13/2022
15684865,Lucchesi,771,France,Female,66,143773.07,1,1,1,130827.88,2/1/2026,6/23/2018
15692744,Davison,512,France,Male,36,152169.12,2,0,0,38629.3,2/1/2026,6/30/2021
15765537,Liang,687,Germany,Male,26,142721.52,1,1,1,153605.75,2/1/2026,6/8/2023
15754605,Jarvis,563,France,Female,39,0,2,1,1,17603.81,2/1/2026,7/1/2020
15653857,Wallis,498,France,Male,34,0,2,1,1,148528.24,2/1/2026,4/13/2023
15810944,Bryant,586,France,Female,35,0,2,1,0,70760.69,2/1/2026,11/28/2018
15679531,Collins,618,France,Male,34,134954.53,1,1,1,151954.39,2/1/2026,12/4/2020
15640260,Okorie,595,Germany,Male,32,131081.66,2,1,1,69428.79,2/1/2026,1/8/2018
15723488,Watson,668,Germany,Male,47,106854.21,1,0,1,157959.02,2/1/2026,2/16/2018
15634267,Yudin,717,France,Male,42,0,2,1,0,172665.21,2/1/2026,3/2/2020
15740900,Perrodin,589,France,Male,34,0,2,1,1,177896.92,2/1/2026,6/19/2019
15782390,T'ien,621,France,Female,40,0,1,1,0,155155.25,2/1/2026,8/3/2019
15610056,Dufresne,631,Germany,Female,34,125227.82,2,0,1,128247.03,2/1/2026,11/11/2019
15702741,Potts,601,France,Male,32,93012.89,1,1,0,86957.42,2/1/2026,12/6/2017
15570060,Palerma,586,France,Female,43,132558.26,1,1,0,67046.83,2/1/2026,2/28/2017
15616550,Chidiebele,698,Germany,Male,44,116363.37,2,1,0,198059.16,2/1/2026,6/28/2015
15753969,K'ung,724,Spain,Male,45,83888.54,1,0,1,,2/1/2026,7/22/2020
15667620,Dreyer,732,France,Female,43,0,2,1,0,65731.53,2/1/2026,4/7/2019
15566494,Fang,487,France,Male,45,0,2,1,0,77475.73,2/1/2026,4/16/2023
15624229,Noble,694,France,Female,22,0,2,1,1,11525.72,2/1/2026,11/24/2021
15803804,Walker,717,Germany,Female,35,103214.71,1,1,0,172172.7,2/1/2026,3/4/2020
15756539,Marshall,585,Germany,Female,39,165610.41,2,0,0,131852.01,2/1/2026,9/5/2018
15791053,Lucciano,709,Germany,Male,45,122917.71,1,1,1,11.58,2/1/2026,7/3/2021
15589221,Kennedy,657,Germany,Male,30,139762.13,2,1,1,23317.88,2/1/2026,7/1/2024
15605926,Sinclair,649,Germany,Male,70,116854.71,2,0,1,107125.79,2/1/2026,3/12/2016
15613471,Wiley,579,Germany,Male,31,90547.48,2,1,1,18800.13,2/1/2026,12/10/2023
15659420,Foley,659,Spain,Male,32,107594.11,2,1,1,102416.84,2/1/2026,12/20/2022
15720284,Crawford,607,Germany,Female,37,135927.06,1,0,0,180890.4,2/1/2026,6/5/2021
15777923,Johnston,544,France,Female,45,0,2,0,1,151401.33,2/1/2026,5/30/2019
15781884,Knox,624,,Male,27,94667.29,2,0,1,4470.52,2/1/2026,8/13/2016
15775238,Achebe,651,Germany,Female,41,133432.59,1,0,1,151303.48,2/1/2026,6/24/2021
15775203,Chia,824,France,Male,45,129209.48,1,0,0,60151.77,2/1/2026,10/7/2022
15690673,Cameron,656,France,Female,39,0,2,1,0,141069.88,2/1/2026,2/6/2019
15715920,De Bernales,782,Spain,Male,23,98052.66,1,1,1,142587.32,2/1/2026,8/14/2015
15646566,Bell,763,France,Female,58,187911.55,1,0,1,35825.18,2/1/2026,2/12/2016
15770420,Dillon,749,Germany,Male,46,78136.36,2,1,1,73470.98,2/1/2026,12/27/2015
15750248,Wright,619,France,Female,35,132292.63,1,1,0,65682.93,2/1/2026,11/10/2017
15758449,Angelo,769,,Female,39,0,1,0,1,21016,2/1/2026,1/4/2018
15774854,Fuller,592,France,Male,54,0,1,1,1,28737.71,2/1/2026,11/24/2017
15595537,Trout,626,Germany,Male,49,171787.84,2,1,0,187192.23,2/1/2026,9/1/2016
15631460,Swift,671,Spain,Female,42,0,2,1,1,128449.33,2/1/2026,7/18/2022
15570134,Padovano,683,France,Female,35,187530.66,2,1,1,37976.36,2/1/2026,5/6/2019
15655123,Dumetolisa,505,Spain,Female,45,131355.3,3,1,0,195395.33,2/1/2026,3/6/2016
15604304,Perry,539,Germany,Female,34,91622.42,1,1,1,136603.42,2/1/2026,1/21/2022
15623828,Akobundu,682,France,Male,30,0,1,0,1,161465.31,2/1/2026,3/1/2021
15806467,Boyle,568,Germany,Male,40,99282.63,1,0,0,134600.94,2/1/2026,12/7/2024
15635776,Trevisani,686,Germany,Female,43,154846.24,2,1,1,151903.6,2/1/2026,8/24/2020
15790683,Matthews,850,France,Male,36,104077.19,2,0,1,68594,2/1/2026,12/25/2024
15675320,Leonard,758,Spain,Female,40,93499.82,2,0,0,123218.81,2/1/2026,8/25/2020
15661734,Taylor,608,Germany,Male,42,131390.75,2,1,0,71178.09,2/1/2026,11/20/2017
15714485,Udinese,774,France,Male,60,85891.55,1,1,0,74135.48,2/1/2026,7/2/2020
15810457,Miller,728,Germany,Female,33,150412.14,2,1,0,170764.08,2/1/2026,11/7/2016
15736816,Young,756,Germany,Male,36,136815.64,1,1,1,170041.95,2/1/2026,9/29/2023
15787529,Gray,592,Spain,Male,38,0,1,1,0,65986.48,2/1/2026,11/28/2025
15737265,Nwokeocha,728,Germany,Male,39,152182.83,1,0,0,161203.6,2/1/2026,1/12/2020
15692416,Aikenhead,358,Spain,Female,52,143542.36,3,1,0,141959.11,2/1/2026,11/2/2017
15747795,Pai,593,Germany,Female,38,129499.42,1,1,1,154071.27,2/1/2026,3/1/2021
15599081,Watt,507,Germany,Female,46,102785.16,1,1,1,70323.68,2/1/2026,8/4/2017
15786905,Russo,749,Germany,Female,40,141782.57,2,0,0,86333.63,2/1/2026,1/30/2018
15660155,Lorenzo,792,Spain,Male,36,92140.15,1,0,1,67468.67,2/1/2026,5/28/2020
15633574,Montes,730,France,Female,41,167545.32,1,1,0,128246.81,2/1/2026,6/11/2021
15781553,Chung,760,Germany,Female,49,91502.99,1,1,0,117232.9,2/1/2026,3/12/2016
15604314,Webb,703,Germany,Female,26,97331.19,1,1,0,63717.49,2/1/2026,9/19/2024
15741295,Yefimova,615,France,Male,49,0,2,1,1,49872.33,2/1/2026,3/30/2022
15604217,Williams,726,France,Male,34,0,2,0,0,14121.61,2/1/2026,6/11/2016
15604345,Kemp,730,France,Female,22,65763.57,1,1,1,145792.01,2/1/2026,11/6/2016
15595228,Wanliss,815,France,Male,45,0,1,0,1,52885.23,2/1/2026,4/11/2018
15745107,Lung,776,Germany,Male,38,112281.7,1,0,1,89893.6,2/1/2026,10/19/2020
15652883,Chung,492,Germany,Male,39,124576.65,2,1,0,148584.61,2/1/2026,2/10/2015
15736008,Hunter,644,France,Female,46,95441.27,1,1,0,108761.05,2/1/2026,12/8/2016
15691111,Pai,648,Germany,Female,42,121980.56,2,1,0,4027.02,2/1/2026,4/25/2017
15792525,Lei,628,Germany,Female,61,97361.66,1,1,1,149922.38,2/1/2026,11/7/2024
15739502,Amaechi,549,Germany,Female,31,135020.21,2,1,1,23343.18,2/1/2026,4/10/2016
15775572,Bergamaschi,531,Germany,Female,42,88324.31,2,1,0,75248.75,2/1/2026,8/5/2019
15618182,Ndubueze,678,France,Female,38,0,2,0,0,115068.99,2/1/2026,2/1/2024
15808182,Beneventi,478,Spain,Female,36,92363.3,2,1,0,44912.7,2/1/2026,6/22/2022
15686936,McGregor,676,France,Female,37,89634.69,1,1,1,169583.18,2/1/2026,7/2/2020
15759021,Kay,685,France,Male,35,0,1,1,0,167033.83,2/1/2026,11/21/2016
15643658,Barber,850,Germany,Male,53,94078.97,2,1,0,36980.54,2/1/2026,5/22/2023
15675422,Conway,544,France,Female,32,110728.39,1,1,1,14559.62,2/1/2026,11/5/2016
15770225,Padovesi,493,France,Male,36,0,2,1,1,65816.53,2/1/2026,9/23/2016
15727490,Scott,661,France,Male,47,0,1,0,1,107243.31,2/1/2026,5/6/2020
15704763,Kozlova,523,Germany,Female,39,143903.11,1,1,1,118711.75,2/1/2026,12/26/2024
15721303,O'Meara,640,Spain,Male,34,137523.02,1,0,0,24761.36,2/1/2026,2/21/2024
15747867,Trevisani,583,France,Male,24,135125.28,1,0,0,89801.9,2/1/2026,7/2/2016
15764105,Milne,475,France,Female,57,0,2,1,0,89248.99,2/1/2026,9/28/2024
15693267,Dickson,679,Germany,Female,34,121063.85,1,1,0,56984.58,2/1/2026,4/10/2018
15675501,Woods,616,France,Male,59,153861.1,1,1,1,17699.48,2/1/2026,6/16/2020
15787459,Parkes,745,Spain,Male,40,88466.82,1,0,0,116331.42,2/1/2026,8/3/2022
15723720,McKenzie,591,France,Female,31,0,2,0,1,48778.46,2/1/2026,1/2/2019
15603925,Greco,779,Spain,Female,26,174318.13,2,0,1,38296.21,2/1/2026,2/28/2021
15787189,Tai,824,Germany,Male,60,134250.17,3,0,0,153046.16,2/1/2026,3/12/2017
15778155,T'ien,520,Germany,Female,31,108914.17,1,1,1,183572.39,2/1/2026,1/9/2023
15769346,Baird,587,France,Female,36,134997.49,2,1,0,44688.08,2/1/2026,12/15/2024
15589643,Ngozichukwuka,684,Spain,Female,41,0,1,1,1,138394.37,2/1/2026,9/23/2018
15777352,Ikedinachukwu,568,Spain,Female,32,169399.6,1,1,0,61936.22,2/1/2026,3/14/2018
15691104,Kennedy,460,Germany,Female,40,119507.58,2,1,0,91560.63,2/1/2026,5/18/2019
15579062,Chu,707,France,Male,32,0,2,0,0,30807.02,2/1/2026,6/30/2016
15630920,Du Cane,724,France,Male,34,154485.74,2,0,0,78560.64,2/1/2026,7/10/2023
15724307,Mitchell,780,France,Male,76,121313.88,1,0,1,64872.33,2/1/2026,12/23/2015
15625641,Forbes,697,Germany,Female,74,108071.36,2,1,1,16445.79,2/1/2026,2/13/2022
15794479,Becker,767,Spain,Male,77,149083.7,1,1,1,190146.83,2/1/2026,8/27/2017
15618225,Porter,741,Germany,Male,36,116993.43,2,1,0,168816.22,2/1/2026,3/26/2017
15656333,Jen,574,France,Female,33,134348.57,1,1,0,63163.99,2/1/2026,8/5/2022
15807663,McGregor,667,France,Male,43,190227.46,1,1,0,97508.04,2/1/2026,5/27/2017
15728693,McWilliams,574,Germany,Female,43,141349.43,1,1,1,100187.43,2/1/2026,3/7/2022
15683124,Evans,713,,Male,53,115029.4,1,0,0,191521.32,2/1/2026,11/7/2019
15802256,Yao,439,France,Male,28,110976.23,2,1,0,138526.96,2/1/2026,12/19/2018
15667651,Young,585,Spain,Female,33,0,2,1,0,114182.07,2/1/2026,2/20/2017
15738318,Kung,800,France,Female,40,97764.41,1,1,0,98640.15,2/1/2026,9/18/2020
15569050,Farrell,444,France,Male,45,0,1,1,0,130009.85,2/1/2026,4/15/2019
15588986,Grant,673,Germany,Female,29,99097.36,1,1,1,9796.69,2/1/2026,11/19/2021
15791700,Ugochukwutubelum,773,Germany,Male,47,118079.47,4,1,1,143007.49,2/1/2026,2/26/2023
15763431,Echezonachukwu,698,France,Male,36,82275.35,2,1,1,93249.26,2/1/2026,9/8/2023
15646196,Yeh,850,Spain,Female,36,155180.56,2,0,0,169415.54,2/1/2026,9/6/2023
15782210,K'ung,714,France,Male,46,0,1,1,0,152167.79,2/1/2026,5/1/2024
15812518,Palermo,657,Spain,Female,37,163607.18,1,0,1,44203.55,2/1/2026,5/24/2025
15592846,Fiorentini,639,Germany,Male,35,128173.9,2,1,0,59093.39,2/1/2026,4/11/2015
15791302,Swift,741,France,Male,32,0,2,1,0,143598.7,2/1/2026,9/22/2017
15814209,Capon,814,France,Male,31,118870.92,1,1,0,101704.19,2/1/2026,1/26/2025
15718673,Mirams,839,Spain,Female,33,75592.43,1,1,0,,2/1/2026,7/10/2015
15599131,Dilke,650,Germany,Male,26,214346.96,2,1,0,128815.33,2/1/2026,3/24/2021
15718944,Artemiev,573,France,Female,37,0,2,1,0,193995.37,2/1/2026,9/5/2019
15785078,Fomin,730,Spain,Male,26,0,1,1,0,34542.41,2/1/2026,10/21/2022
15713655,Calabrese,720,France,Female,38,0,2,1,1,56229.72,2/1/2026,5/23/2015
15625824,Kornilova,596,Spain,Male,30,121345.88,4,1,0,41921.75,2/1/2026,4/22/2019
15715951,Thorpe,562,France,Male,42,100238.35,1,0,0,86797.41,2/1/2026,7/26/2023
15586970,Pinto,695,Germany,Male,52,103023.26,1,1,1,22485.64,2/1/2026,2/2/2018
15783444,Endrizzi,788,France,Female,39,135139.33,1,0,1,113086.08,2/1/2026,1/29/2023
15665956,Pendergrass,509,France,Female,46,0,1,1,0,71244.59,2/1/2026,11/17/2024
15669516,Steele,746,Spain,Male,36,0,2,1,1,16436.56,2/1/2026,8/10/2023
15684269,Gray,707,Spain,Female,35,56674.48,1,1,0,17987.4,2/1/2026,5/26/2022
15604782,Tan,733,Germany,Female,33,187257.94,1,0,1,190430.81,2/1/2026,9/24/2018
15770974,Nwabugwu,741,Germany,Female,37,170840.08,2,0,0,109843.16,2/1/2026,5/30/2017
15630698,Hay,745,France,Female,55,110123.59,1,0,1,51548.14,2/1/2026,8/15/2016
15677512,McEncroe,628,Spain,Female,22,0,1,1,0,85426.28,2/1/2026,7/10/2022
15658052,Cameron,626,France,Female,44,81553.93,1,1,0,20063.63,2/1/2026,8/26/2015
15741429,Hudson,680,Spain,Female,31,119825.75,2,1,1,101139.3,2/1/2026,8/24/2016
15669410,Yevdokimova,683,France,Male,30,110829.52,2,0,0,24938.84,2/1/2026,10/9/2017
15589660,Lamble,661,Germany,Female,32,145980.23,1,0,1,56636.28,2/1/2026,9/12/2024
15572360,Clark,683,France,Male,30,57657.49,1,0,0,79240.9,2/1/2026,11/10/2015
15690647,Rogers,582,Spain,Female,46,67563.31,1,1,0,44506.09,2/1/2026,5/8/2017
15635078,Chiemela,714,Spain,Male,45,124693.48,1,0,1,187194.15,2/1/2026,11/26/2025
15672704,Jackson,809,France,Female,24,0,2,1,0,193518.76,2/1/2026,2/28/2021
15687162,Clayton,461,France,Male,51,119889.84,1,0,0,56767.67,2/1/2026,12/13/2016
15576517,Everingham,445,Germany,Female,34,131082.17,2,1,1,70618,2/1/2026,12/9/2018
15751561,Meng,498,Germany,Male,61,102453.26,1,1,0,187247.56,2/1/2026,12/21/2018
15690079,Boniwell,591,Spain,Male,30,124857.69,2,0,0,50485.7,2/1/2026,2/28/2017
15671590,H?,741,Spain,Male,25,0,2,1,1,73873.65,2/1/2026,5/12/2021
15688071,Collins,609,Spain,Male,53,0,1,1,1,154642.91,2/1/2026,1/18/2016
15659651,Ross,531,Germany,Female,31,117052.82,1,1,0,118508.09,2/1/2026,12/15/2018
15680920,Marchesi,695,France,Male,46,49512.55,1,1,0,133007.34,2/1/2026,9/9/2018
15615096,Costa,492,France,Female,31,0,2,1,1,49463.44,2/1/2026,12/16/2018
15699523,Chu,499,Germany,Female,55,126817.65,2,1,0,123269.71,2/1/2026,10/24/2021
15704284,Ekechukwu,736,Germany,Male,57,95295.39,1,1,0,28434.44,2/1/2026,8/14/2016
15582960,Short,473,France,Female,33,125827.43,1,0,1,145698.73,2/1/2026,1/15/2021
15585284,Thomson,604,Spain,Female,35,147285.52,1,1,1,57807.05,2/1/2026,1/5/2019
15640078,Chambers,660,Germany,Female,39,135134.99,1,1,0,,2/1/2026,4/13/2020
